,Date,Nasdaq_close,Dow_close,BTC_close,SP_close
0,2014-01-02,4143.0698,16441.3496,,1831.98
1,2014-01-03,4131.9102,16469.9902,,1831.37
2,2014-01-06,4113.6802,16425.0996,,1826.77
3,2014-01-07,4153.1802,16530.9395,,1837.88
4,2014-01-08,4165.6099,16462.7402,,1837.49
5,2014-01-09,4156.1899,16444.7598,,1838.13
6,2014-01-10,4174.6699,16437.0508,,1842.37
7,2014-01-13,4113.2998,16257.9404,,1819.2
8,2014-01-14,4183.02,16373.8604,,1838.88
9,2014-01-15,4214.8799,16481.9395,,1848.38
10,2014-01-16,4218.6899,16417.0098,,1845.89
11,2014-01-17,4197.5801,16458.5605,,1838.7
12,2014-01-21,4225.7598,16414.4395,,1843.8
13,2014-01-22,4243.0,16373.3398,,1844.86
14,2014-01-23,4218.8799,16197.3496,,1828.46
15,2014-01-24,4128.1699,15879.1104,,1790.29
16,2014-01-27,4083.6101,15837.8799,,1781.5601
17,2014-01-28,4097.96,15928.5596,,1792.5
18,2014-01-29,4051.4299,15738.79,,1774.2
19,2014-01-30,4123.1299,15848.6104,,1794.1899
20,2014-01-31,4103.8799,15698.8496,,1782.59
21,2014-02-03,3996.96,15372.7998,,1741.89
22,2014-02-04,4031.52,15445.2402,,1755.2
23,2014-02-05,4011.55,15440.2305,,1751.64
24,2014-02-06,4057.1201,15628.5303,,1773.4301
25,2014-02-07,4125.8599,15794.0801,,1797.02
26,2014-02-10,4148.1699,15801.79,,1799.84
27,2014-02-11,4191.0498,15994.7695,,1819.75
28,2014-02-12,4201.29,15963.9404,,1819.26
29,2014-02-13,4240.6699,16027.5898,,1829.83
30,2014-02-14,4244.02,16154.3896,,1838.63
31,2014-02-18,4272.7798,16130.4004,,1840.76
32,2014-02-19,4237.9502,16040.5596,,1828.75
33,2014-02-20,4267.5498,16133.2305,,1839.78
34,2014-02-21,4263.4102,16103.2998,,1836.25
35,2014-02-24,4292.9702,16207.1396,,1847.61
36,2014-02-25,4287.5898,16179.6602,,1845.12
37,2014-02-26,4292.0601,16198.4102,,1845.16
38,2014-02-27,4318.9302,16272.6504,,1854.29
39,2014-02-28,4308.1201,16321.71,,1859.45
40,2014-03-03,4277.2998,16168.0303,,1845.73
41,2014-03-04,4351.9702,16395.8809,,1873.91
42,2014-03-05,4357.9702,16360.1797,,1873.8101
43,2014-03-06,4352.1299,16421.8906,,1877.03
44,2014-03-07,4336.2202,16452.7207,,1878.04
45,2014-03-10,4334.4502,16418.6797,,1877.17
46,2014-03-11,4307.1899,16351.25,,1867.63
47,2014-03-12,4323.3301,16340.0801,,1868.2
48,2014-03-13,4260.4199,16108.8896,,1846.34
49,2014-03-14,4245.3999,16065.6699,,1841.13
50,2014-03-17,4279.9502,16247.2197,,1858.83
51,2014-03-18,4333.3101,16336.1904,,1872.25
52,2014-03-19,4307.6001,16222.1699,,1860.77
53,2014-03-20,4319.29,16331.0498,,1872.01
54,2014-03-21,4276.79,16302.7695,,1866.52
55,2014-03-24,4226.3901,16276.6904,,1857.4399
56,2014-03-25,4234.27,16367.8799,,1865.62
57,2014-03-26,4173.5801,16268.9902,,1852.5601
58,2014-03-27,4151.23,16264.2305,,1849.04
59,2014-03-28,4155.7598,16323.0596,,1857.62
60,2014-03-31,4198.9902,16457.6602,,1872.34
61,2014-04-01,4268.04,16532.6094,,1885.52
62,2014-04-02,4276.46,16573.0,,1890.9
63,2014-04-03,4237.7402,16572.5508,,1888.77
64,2014-04-04,4127.73,16412.7109,,1865.09
65,2014-04-07,4079.75,16245.8701,,1845.04
66,2014-04-08,4112.9902,16256.1396,,1851.96
67,2014-04-09,4183.8999,16437.1797,,1872.1801
68,2014-04-10,4054.1101,16170.2197,,1833.08
69,2014-04-11,3999.73,16026.75,,1815.6899
70,2014-04-14,4022.6899,16173.2402,,1830.61
71,2014-04-15,4034.1599,16262.5596,,1842.98
72,2014-04-16,4086.23,16424.8496,,1862.3101
73,2014-04-17,4095.52,16408.5391,,1864.85
74,2014-04-21,4121.5498,16449.25,,1871.89
75,2014-04-22,4161.46,16514.3691,,1879.55
76,2014-04-23,4126.9702,16501.6504,,1875.39
77,2014-04-24,4148.3398,16501.6504,,1878.61
78,2014-04-25,4075.5601,16361.46,,1863.4
79,2014-04-28,4074.3999,16448.7402,,1869.4301
80,2014-04-29,4103.54,16535.3691,,1878.33
81,2014-04-30,4114.5601,16580.8398,,1883.95
82,2014-05-01,4127.4502,16558.8691,,1883.6801
83,2014-05-02,4123.8999,16512.8906,,1881.14
84,2014-05-05,4138.0601,16530.5508,,1884.66
85,2014-05-06,4080.76,16401.0195,,1867.72
86,2014-05-07,4067.6699,16518.5391,,1878.21
87,2014-05-08,4051.5,16550.9707,,1875.63
88,2014-05-09,4071.8701,16583.3398,,1878.48
89,2014-05-12,4143.8599,16695.4707,,1896.65
90,2014-05-13,4130.1699,16715.4395,,1897.45
91,2014-05-14,4100.6299,16613.9707,,1888.53
92,2014-05-15,4069.29,16446.8105,,1870.85
93,2014-05-16,4090.5901,16491.3105,,1877.86
94,2014-05-19,4125.8101,16511.8594,,1885.08
95,2014-05-20,4096.8901,16374.3096,,1872.83
96,2014-05-21,4131.54,16533.0605,,1888.03
97,2014-05-22,4154.3398,16543.0801,,1892.49
98,2014-05-23,4185.8101,16606.2695,,1900.53
99,2014-05-27,4237.0698,16675.5,,1911.91
100,2014-05-28,4225.0801,16633.1797,,1909.78
101,2014-05-29,4247.9502,16698.7402,,1920.03
102,2014-05-30,4242.6201,16717.1699,,1923.5699
103,2014-06-02,4237.2002,16743.6309,,1924.97
104,2014-06-03,4234.0801,16722.3398,,1924.24
105,2014-06-04,4251.6401,16737.5293,,1927.88
106,2014-06-05,4296.23,16836.1094,,1940.46
107,2014-06-06,4321.3999,16924.2793,,1949.4399
108,2014-06-09,4336.2402,16943.0996,,1951.27
109,2014-06-10,4338.0,16945.9199,,1950.79
110,2014-06-11,4331.9302,16843.8809,,1943.89
111,2014-06-12,4297.6299,16734.1895,,1930.11
112,2014-06-13,4310.6499,16775.7402,,1936.16
113,2014-06-16,4321.1001,16781.0098,,1937.78
114,2014-06-17,4337.23,16808.4902,,1941.99
115,2014-06-18,4362.8398,16906.6191,,1956.98
116,2014-06-19,4359.3301,16921.4609,,1959.48
117,2014-06-20,4368.04,16947.0801,,1962.87
118,2014-06-23,4368.6802,16937.2598,,1962.61
119,2014-06-24,4350.3501,16818.1309,,1949.98
120,2014-06-25,4379.7598,16867.5098,,1959.53
121,2014-06-26,4379.0498,16846.1309,,1957.22
122,2014-06-27,4397.9302,16851.8398,,1960.96
123,2014-06-30,4408.1802,16826.5996,,1960.23
124,2014-07-01,4458.6499,16956.0703,,1973.3199
125,2014-07-02,4457.73,16976.2402,,1974.62
126,2014-07-03,4485.9302,17068.2598,,1985.4399
127,2014-07-07,4451.5298,17024.2109,,1977.65
128,2014-07-08,4391.46,16906.6191,,1963.71
129,2014-07-09,4419.0298,16985.6094,,1972.83
130,2014-07-10,4396.2002,16915.0703,,1964.6801
131,2014-07-11,4415.4902,16943.8105,,1967.5699
132,2014-07-14,4440.4199,17055.4199,,1977.1
133,2014-07-15,4416.3901,17060.6797,,1973.28
134,2014-07-16,4425.9702,17138.1992,,1981.5699
135,2014-07-17,4363.4502,16976.8105,,1958.12
136,2014-07-18,4432.1499,17100.1797,,1978.22
137,2014-07-21,4424.7002,17051.7305,,1973.63
138,2014-07-22,4456.02,17113.5391,,1983.53
139,2014-07-23,4473.7002,17086.6309,,1987.01
140,2014-07-24,4472.1099,17083.8008,,1987.98
141,2014-07-25,4449.5601,16960.5703,,1978.34
142,2014-07-28,4444.9102,16982.5898,,1978.91
143,2014-07-29,4442.7002,16912.1094,,1969.95
144,2014-07-30,4462.8999,16880.3594,,1970.0699
145,2014-07-31,4369.77,16563.3008,,1930.67
146,2014-08-01,4352.6401,16493.3691,,1925.15
147,2014-08-04,4383.8901,16569.2793,,1938.99
148,2014-08-05,4352.8398,16429.4707,,1920.21
149,2014-08-06,4355.0498,16443.3398,,1920.24
150,2014-08-07,4334.9702,16368.2695,,1909.5699
151,2014-08-08,4370.8999,16553.9297,,1931.59
152,2014-08-11,4401.3301,16569.9805,,1936.92
153,2014-08-12,4389.25,16560.5391,,1933.75
154,2014-08-13,4434.1299,16651.8008,,1946.72
155,2014-08-14,4453.0,16713.5801,,1955.1801
156,2014-08-15,4464.9302,16662.9102,,1955.0601
157,2014-08-18,4508.3101,16838.7402,,1971.74
158,2014-08-19,4527.5098,16919.5898,,1981.6
159,2014-08-20,4526.48,16979.1309,,1986.51
160,2014-08-21,4532.1001,17039.4902,,1992.37
161,2014-08-22,4538.5498,17001.2207,,1988.4
162,2014-08-25,4557.3501,17076.8691,,1997.92
163,2014-08-26,4570.6401,17106.6992,,2000.02
164,2014-08-27,4569.6201,17122.0098,,2000.12
165,2014-08-28,4557.7002,17079.5703,,1996.74
166,2014-08-29,4580.27,17098.4492,,2003.37
167,2014-09-02,4598.1899,17067.5605,,2002.28
168,2014-09-03,4572.5601,17078.2793,,2000.72
169,2014-09-04,4562.29,17069.5801,,1997.65
170,2014-09-05,4582.8999,17137.3594,,2007.71
171,2014-09-08,4592.29,17111.4199,,2001.54
172,2014-09-09,4552.29,17013.8691,,1988.4399
173,2014-09-10,4586.52,17068.7109,,1995.6899
174,2014-09-11,4591.8101,17049.0,,1997.45
175,2014-09-12,4567.6001,16987.5098,,1985.54
176,2014-09-15,4518.8999,17031.1406,,1984.13
177,2014-09-16,4552.7598,17131.9707,,1998.98
178,2014-09-17,4562.1899,17156.8496,,2001.5699
179,2014-09-18,4593.4302,17265.9902,,2011.36
180,2014-09-19,4579.79,17279.7402,,2010.4
181,2014-09-22,4527.6899,17172.6797,,1994.29
182,2014-09-23,4508.6899,17055.8691,,1982.77
183,2014-09-24,4555.2202,17210.0605,,1998.3
184,2014-09-25,4466.75,16945.8008,,1965.99
185,2014-09-26,4512.1899,17113.1504,,1982.85
186,2014-09-29,4505.8501,17071.2207,,1977.8
187,2014-09-30,4493.3901,17042.9004,,1972.29
188,2014-10-01,4422.0898,16804.7109,,1946.16
189,2014-10-02,4430.2002,16801.0508,,1946.17
190,2014-10-03,4475.6201,17009.6895,,1967.9
191,2014-10-06,4454.7998,16991.9102,,1964.8199
192,2014-10-07,4385.2002,16719.3906,,1935.1
193,2014-10-08,4468.5898,16994.2207,,1968.89
194,2014-10-09,4378.3398,16659.25,,1928.21
195,2014-10-10,4276.2402,16544.0996,,1906.13
196,2014-10-13,4213.6602,16321.0703,,1874.74
197,2014-10-14,4227.1699,16315.1904,,1877.7
198,2014-10-15,4215.3198,16141.7402,,1862.49
199,2014-10-16,4217.3901,16117.2402,,1862.76
200,2014-10-17,4258.4399,16380.4102,,1886.76
201,2014-10-20,4316.0698,16399.6699,,1904.01
202,2014-10-21,4419.48,16614.8105,,1941.28
203,2014-10-22,4382.8501,16461.3203,,1927.11
204,2014-10-23,4452.79,16677.9004,,1950.8199
205,2014-10-24,4483.7202,16805.4102,,1964.58
206,2014-10-27,4485.9302,16817.9395,,1961.63
207,2014-10-28,4564.29,17005.75,,1985.05
208,2014-10-29,4549.23,16974.3105,,1982.3
209,2014-10-30,4566.1401,17195.4199,,1994.65
210,2014-10-31,4630.7402,17390.5195,,2018.05
211,2014-11-03,4638.9102,17366.2402,,2017.8101
212,2014-11-04,4623.6401,17383.8398,,2012.1
213,2014-11-05,4620.7202,17484.5293,,2023.5699
214,2014-11-06,4638.4702,17554.4707,,2031.21
215,2014-11-07,4632.5298,17573.9297,,2031.92
216,2014-11-10,4651.6201,17613.7402,,2038.26
217,2014-11-11,4660.5601,17614.9004,,2039.6801
218,2014-11-12,4675.1401,17612.1992,,2038.25
219,2014-11-13,4680.1401,17652.7891,,2039.33
220,2014-11-14,4688.54,17634.7402,,2039.8199
221,2014-11-17,4671.0,17647.75,,2041.3199
222,2014-11-18,4702.4399,17687.8203,,2051.8
223,2014-11-19,4675.71,17685.7305,,2048.72
224,2014-11-20,4701.8701,17719.0,,2052.75
225,2014-11-21,4712.9702,17810.0605,,2063.5
226,2014-11-24,4754.8901,17817.9004,,2069.4099
227,2014-11-25,4758.25,17814.9395,,2067.03
228,2014-11-26,4787.3198,17827.75,,2072.8301
229,2014-11-28,4791.6299,17828.2402,,2067.5601
1115,2014-11-30,,,300.0,
230,2014-12-01,4727.3501,17776.8008,377.0,2053.4399
231,2014-12-02,4755.8101,17879.5508,378.0,2066.55
232,2014-12-03,4774.4702,17912.6191,377.1,2074.3301
233,2014-12-04,4769.4399,17900.0996,,2071.9199
234,2014-12-05,4780.7598,17958.7891,378.0,2075.3701
235,2014-12-08,4740.6899,17852.4805,375.0,2060.3101
236,2014-12-09,4766.4702,17801.1992,360.5,2059.8201
237,2014-12-10,4684.02,17533.1504,,2026.14
238,2014-12-11,4708.1602,17596.3398,350.0,2035.33
239,2014-12-12,4653.6001,17280.8301,,2002.33
240,2014-12-15,4605.1602,17180.8398,,1989.63
241,2014-12-16,4547.8301,17068.8691,,1972.74
242,2014-12-17,4644.3101,17356.8691,,2012.89
243,2014-12-18,4748.3999,17778.1504,340.0,2061.23
244,2014-12-19,4765.3799,17804.8008,,2070.6499
245,2014-12-22,4781.4199,17959.4395,,2078.54
246,2014-12-23,4765.4199,18024.1699,,2082.1699
247,2014-12-24,4773.4702,18030.2109,,2081.8799
248,2014-12-26,4806.8599,18053.7109,,2088.77
249,2014-12-29,4806.9102,18038.2305,,2090.5701
250,2014-12-30,4777.4399,17983.0703,,2080.3501
251,2014-12-31,4736.0498,17823.0703,,2058.8999
252,2015-01-02,4726.8101,17832.9902,,2058.2
253,2015-01-05,4652.5698,17501.6504,,2020.58
254,2015-01-06,4592.7402,17371.6406,,2002.61
255,2015-01-07,4650.4702,17584.5195,275.44,2025.9
256,2015-01-08,4736.1899,17907.8691,288.99,2062.1399
257,2015-01-09,4704.0698,17737.3691,,2044.8101
258,2015-01-12,4664.71,17640.8398,260.0,2028.26
259,2015-01-13,4661.5,17613.6797,219.63,2023.03
260,2015-01-14,4639.3198,17427.0898,150.0,2011.27
261,2015-01-15,4570.8198,17320.7109,189.0,1992.67
262,2015-01-16,4634.3799,17511.5703,210.0,2019.42
1116,2015-01-17,,,184.0,
1117,2015-01-18,,,225.51,
1118,2015-01-19,,,225.51,
263,2015-01-20,4654.8501,17515.2305,224.0,2022.55
264,2015-01-21,4667.4199,17554.2793,246.62,2032.12
265,2015-01-22,4750.3999,17813.9805,226.32,2063.1499
266,2015-01-23,4757.8799,17672.5996,216.0,2051.8201
1119,2015-01-24,,,250.91,
1120,2015-01-25,,,283.28,
267,2015-01-26,4771.7598,17678.6992,258.73,2057.0901
268,2015-01-27,4681.5,17387.2109,257.89,2029.55
269,2015-01-28,4637.9902,17191.3691,232.74,2002.16
270,2015-01-29,4683.4102,17416.8496,242.78,2021.25
271,2015-01-30,4635.2402,17164.9492,228.5,1994.99
1121,2015-01-31,,,218.15,
1122,2015-02-01,,,227.06,
272,2015-02-02,4676.6899,17361.0391,239.3,2020.85
273,2015-02-03,4727.7402,17666.4004,226.51,2050.03
274,2015-02-04,4716.7002,17673.0195,224.66,2041.51
275,2015-02-05,4765.1001,17884.8809,218.1,2062.52
276,2015-02-06,4744.3999,17824.2891,224.42,2055.47
1123,2015-02-07,,,226.11,
1124,2015-02-08,,,222.35,
277,2015-02-09,4726.0098,17729.2109,218.54,2046.74
278,2015-02-10,4787.6401,17868.7598,221.0,2068.5901
279,2015-02-11,4801.1802,17862.1406,218.73,2068.53
280,2015-02-12,4857.6099,17972.3809,226.02,2088.48
281,2015-02-13,4893.8398,18019.3496,244.94,2096.99
1125,2015-02-14,,,256.46,
1126,2015-02-15,,,232.97,
1127,2015-02-16,,,235.98,
282,2015-02-17,4899.27,18047.5801,245.0,2100.3401
283,2015-02-18,4906.3599,18029.8496,237.78,2099.6799
284,2015-02-19,4924.7002,17985.7695,245.34,2097.45
285,2015-02-20,4955.9702,18140.4395,245.84,2110.3
1128,2015-02-21,,,246.31,
1129,2015-02-22,,,237.65,
286,2015-02-23,4960.9702,18116.8398,239.19,2109.6599
287,2015-02-24,4968.1201,18209.1895,239.46,2115.48
288,2015-02-25,4967.1401,18224.5703,237.5,2113.8601
289,2015-02-26,4987.8901,18214.4199,252.59,2110.74
290,2015-02-27,4963.5298,18132.6992,253.73,2104.5
1130,2015-02-28,,,254.79,
1131,2015-03-01,,,261.04,
291,2015-03-02,5008.1001,18288.6309,276.56,2117.3899
292,2015-03-03,4979.8999,18203.3691,280.92,2107.78
293,2015-03-04,4967.1401,18096.9004,270.4,2098.53
294,2015-03-05,4982.8101,18135.7207,275.11,2101.04
295,2015-03-06,4927.3701,17856.7793,272.8,2071.26
1132,2015-03-07,,,277.72,
1133,2015-03-08,,,278.41,
296,2015-03-09,4942.4399,17995.7207,296.15,2079.4299
297,2015-03-10,4859.79,17662.9395,292.73,2044.16
298,2015-03-11,4849.9399,17635.3906,294.21,2040.24
299,2015-03-12,4893.29,17895.2207,294.13,2065.95
300,2015-03-13,4871.7598,17749.3105,285.21,2053.3999
1134,2015-03-14,,,284.74,
1135,2015-03-15,,,293.39,
301,2015-03-16,4929.5098,17977.4199,292.71,2081.1899
302,2015-03-17,4937.4302,17849.0801,285.33,2074.28
303,2015-03-18,4982.8301,18076.1895,256.16,2099.5
304,2015-03-19,4992.3799,17959.0293,264.31,2089.27
305,2015-03-20,5026.4199,18127.6504,262.93,2108.1001
1136,2015-03-21,,,261.5,
1137,2015-03-22,,,269.3,
306,2015-03-23,5010.9702,18116.0391,267.26,2104.4199
307,2015-03-24,4994.73,18011.1406,248.46,2091.5
308,2015-03-25,4876.52,17718.5391,245.74,2061.05
309,2015-03-26,4863.3599,17678.2305,248.85,2056.1499
310,2015-03-27,4891.2202,17712.6602,251.98,2061.02
1138,2015-03-28,,,248.86,
1139,2015-03-29,,,246.36,
311,2015-03-30,4947.4399,17976.3105,248.35,2086.24
312,2015-03-31,4900.8799,17776.1191,245.05,2067.8899
313,2015-04-01,4880.23,17698.1797,247.87,2059.6899
314,2015-04-02,4886.9399,17763.2402,252.84,2066.96
1140,2015-04-03,,,254.84,
1141,2015-04-04,,,252.58,
1142,2015-04-05,,,261.1,
315,2015-04-06,4917.3198,17880.8496,255.03,2080.6201
316,2015-04-07,4910.23,17875.4199,253.99,2076.3301
317,2015-04-08,4950.8198,17902.5098,246.44,2081.8999
318,2015-04-09,4974.5601,17958.7305,243.0,2091.1799
319,2015-04-10,4995.98,18057.6504,237.42,2102.0601
1143,2015-04-11,,,237.8,
1144,2015-04-12,,,237.52,
320,2015-04-13,4988.25,17977.0391,223.85,2092.4299
321,2015-04-14,4977.29,18036.6992,222.9,2095.8401
322,2015-04-15,5011.02,18112.6094,226.96,2106.6299
323,2015-04-16,5007.79,18105.7695,229.21,2104.99
324,2015-04-17,4931.8101,17826.3008,223.92,2081.1799
1145,2015-04-18,,,224.28,
1146,2015-04-19,,,224.75,
325,2015-04-20,4994.6001,18034.9297,226.13,2100.3999
326,2015-04-21,5014.1001,17949.5898,235.16,2097.29
327,2015-04-22,5035.1699,18038.2695,233.02,2107.96
328,2015-04-23,5056.0601,18058.6895,233.89,2112.9299
329,2015-04-24,5092.0801,18080.1406,230.39,2117.6899
1147,2015-04-25,,,220.58,
1148,2015-04-26,,,220.14,
330,2015-04-27,5060.25,18037.9707,225.71,2108.9199
331,2015-04-28,5055.4199,18110.1406,225.43,2114.76
332,2015-04-29,5023.6401,18035.5293,226.46,2106.8501
333,2015-04-30,4941.4199,17840.5195,236.52,2085.51
334,2015-05-01,5005.3901,18024.0605,235.89,2108.29
1149,2015-05-02,,,236.63,
1150,2015-05-03,,,241.89,
335,2015-05-04,5016.9302,18070.4004,236.3,2114.49
336,2015-05-05,4939.3301,17928.1992,236.19,2089.46
337,2015-05-06,4919.6401,17841.9805,230.36,2080.1499
338,2015-05-07,4945.54,17924.0605,237.4,2088.0
339,2015-05-08,5003.5498,18191.1094,246.27,2116.1001
1151,2015-05-09,,,242.41,
1152,2015-05-10,,,241.11,
340,2015-05-11,4993.5698,18105.1699,241.04,2105.3301
341,2015-05-12,4976.1899,18068.2305,242.87,2099.1201
342,2015-05-13,4981.6899,18060.4902,237.2,2098.48
343,2015-05-14,5050.7998,18252.2402,237.99,2121.1001
344,2015-05-15,5048.29,18272.5605,237.43,2122.73
1153,2015-05-16,,,237.44,
1154,2015-05-17,,,236.89,
345,2015-05-18,5078.4399,18298.8809,234.22,2129.2
346,2015-05-19,5070.0298,18312.3906,233.09,2127.8301
347,2015-05-20,5071.7402,18285.4004,234.59,2125.8501
348,2015-05-21,5090.79,18285.7402,236.86,2130.8201
349,2015-05-22,5089.3599,18232.0195,240.21,2126.0601
1155,2015-05-23,,,239.38,
1156,2015-05-24,,,240.91,
1157,2015-05-25,,,237.17,
350,2015-05-26,5032.75,18041.5391,238.19,2104.2
351,2015-05-27,5106.5898,18162.9902,237.95,2123.48
352,2015-05-28,5097.98,18126.1191,237.66,2120.79
353,2015-05-29,5070.0298,18010.6797,235.93,2107.3899
1158,2015-05-30,,,233.67,
1159,2015-05-31,,,230.97,
354,2015-06-01,5082.9302,18040.3691,222.36,2111.73
355,2015-06-02,5076.52,18011.9395,226.47,2109.6001
356,2015-06-03,5099.23,18076.2695,224.73,2114.0701
357,2015-06-04,5059.1201,17905.5801,223.85,2095.8401
358,2015-06-05,5068.46,17849.4609,224.76,2092.8301
1160,2015-06-06,,,225.5,
1161,2015-06-07,,,224.21,
359,2015-06-08,5021.6299,17766.5508,228.66,2079.28
360,2015-06-09,5013.8701,17764.0391,229.1,2080.1499
361,2015-06-10,5076.6899,18000.4004,229.96,2105.2
362,2015-06-11,5082.5098,18039.3691,229.4,2108.8601
363,2015-06-12,5051.1001,17898.8398,230.13,2094.1101
1162,2015-06-13,,,233.42,
1163,2015-06-14,,,235.48,
364,2015-06-15,5029.9702,17791.1699,237.0,2084.4299
365,2015-06-16,5055.5498,17904.4805,249.93,2096.29
366,2015-06-17,5064.8799,17935.7402,245.84,2100.4399
367,2015-06-18,5132.9502,18115.8398,250.47,2121.24
368,2015-06-19,5117.0,18015.9492,242.63,2109.99
1164,2015-06-20,,,244.34,
1165,2015-06-21,,,245.54,
369,2015-06-22,5153.9702,18119.7793,247.78,2122.8501
370,2015-06-23,5160.0898,18144.0703,242.41,2124.2
371,2015-06-24,5122.4102,17966.0703,241.3,2108.5801
372,2015-06-25,5112.1899,17890.3594,242.08,2102.3101
373,2015-06-26,5080.5098,17946.6797,242.85,2101.49
1166,2015-06-27,,,250.51,
1167,2015-06-28,,,252.13,
374,2015-06-29,4958.4702,17596.3496,262.78,2057.6399
375,2015-06-30,4986.8701,17619.5098,260.25,2063.1101
376,2015-07-01,5013.1201,17757.9102,260.02,2077.4199
377,2015-07-02,5009.21,17730.1094,255.73,2076.78
1168,2015-07-03,,,256.1,
1169,2015-07-04,,,262.6,
1170,2015-07-05,,,269.13,
378,2015-07-06,4991.9399,17683.5801,270.5,2068.76
379,2015-07-07,4997.46,17776.9102,265.87,2081.3401
380,2015-07-08,4909.7598,17515.4199,269.6,2046.6801
381,2015-07-09,4922.3999,17548.6191,270.98,2051.3101
382,2015-07-10,4997.7002,17760.4102,289.66,2076.6201
1171,2015-07-11,,,301.63,
1172,2015-07-12,,,307.32,
383,2015-07-13,5071.5098,17977.6797,291.29,2099.6001
384,2015-07-14,5104.8901,18053.5801,287.95,2108.95
385,2015-07-15,5098.9399,18050.1699,289.04,2107.3999
386,2015-07-16,5163.1802,18120.25,279.42,2124.29
387,2015-07-17,5210.1401,18086.4492,279.76,2126.6399
1173,2015-07-18,,,278.44,
1174,2015-07-19,,,276.72,
388,2015-07-20,5218.8599,18100.4102,280.99,2128.28
389,2015-07-21,5208.1201,17919.2891,276.4,2119.21
390,2015-07-22,5171.77,17851.0391,278.31,2114.1499
391,2015-07-23,5146.4102,17731.9199,277.52,2102.1499
392,2015-07-24,5088.6299,17568.5293,289.99,2079.6499
1175,2015-07-25,,,289.05,
1176,2015-07-26,,,292.96,
393,2015-07-27,5039.7798,17440.5898,296.99,2067.6399
394,2015-07-28,5089.21,17630.2695,294.48,2093.25
395,2015-07-29,5111.73,17751.3906,290.12,2108.5701
396,2015-07-30,5128.7798,17745.9805,288.05,2108.6299
397,2015-07-31,5128.2798,17689.8594,283.6,2103.8401
1177,2015-08-01,,,278.65,
1178,2015-08-02,,,281.0,
398,2015-08-03,5115.3799,17598.1992,283.77,2098.04
399,2015-08-04,5105.5498,17550.6895,285.01,2093.3201
400,2015-08-05,5139.9399,17540.4707,281.83,2099.8401
401,2015-08-06,5056.4399,17419.75,278.09,2083.5601
402,2015-08-07,5043.54,17373.3809,278.77,2077.5701
1179,2015-08-08,,,262.02,
1180,2015-08-09,,,267.07,
403,2015-08-10,5101.7998,17615.1699,267.25,2104.1799
404,2015-08-11,5036.79,17402.8398,270.95,2084.0701
405,2015-08-12,5044.3901,17402.5098,265.43,2086.05
406,2015-08-13,5033.5601,17408.25,264.04,2083.3899
407,2015-08-14,5048.2402,17477.4004,266.77,2091.54
1181,2015-08-15,,,261.68,
1182,2015-08-16,,,260.51,
408,2015-08-17,5091.7002,17545.1797,255.45,2102.4399
409,2015-08-18,5059.3501,17511.3398,233.28,2096.9199
410,2015-08-19,5019.0498,17348.7305,233.54,2079.6101
411,2015-08-20,4877.4902,16990.6895,235.27,2035.73
412,2015-08-21,4706.04,16459.75,234.0,1970.89
1183,2015-08-22,,,232.99,
1184,2015-08-23,,,227.83,
413,2015-08-24,4526.25,15871.3496,208.54,1893.21
414,2015-08-25,4506.4902,15666.4404,222.66,1867.61
415,2015-08-26,4697.54,16285.5098,224.31,1940.51
416,2015-08-27,4812.71,16654.7695,223.53,1987.66
417,2015-08-28,4828.3198,16643.0098,231.89,1988.87
1185,2015-08-29,,,230.47,
1186,2015-08-30,,,228.15,
418,2015-08-31,4776.5098,16528.0293,229.01,1972.1801
419,2015-09-01,4636.1001,16058.3496,226.62,1913.85
420,2015-09-02,4749.98,16351.3799,229.53,1948.86
421,2015-09-03,4733.5,16374.7598,228.32,1951.13
422,2015-09-04,4683.9199,16102.3799,230.86,1921.22
1187,2015-09-05,,,241.42,
1188,2015-09-06,,,239.97,
1189,2015-09-07,,,242.64,
423,2015-09-08,4811.9302,16492.6797,244.52,1969.41
424,2015-09-09,4756.5298,16253.5703,238.04,1942.04
425,2015-09-10,4796.25,16330.4004,240.98,1952.29
426,2015-09-11,4822.3398,16433.0898,240.26,1961.05
1190,2015-09-12,,,236.16,
1191,2015-09-13,,,229.88,
427,2015-09-14,4805.7598,16370.96,231.8,1953.03
428,2015-09-15,4860.52,16599.8496,231.57,1978.09
429,2015-09-16,4889.2402,16739.9492,230.28,1995.3101
430,2015-09-17,4893.9502,16674.7402,233.78,1990.2
431,2015-09-18,4827.23,16384.5801,233.26,1958.03
1192,2015-09-19,,,232.44,
1193,2015-09-20,,,228.66,
432,2015-09-21,4828.9502,16510.1895,227.17,1966.97
433,2015-09-22,4756.7202,16330.4697,231.61,1942.74
434,2015-09-23,4752.7402,16279.8896,231.42,1938.76
435,2015-09-24,4734.48,16201.3203,234.87,1932.24
436,2015-09-25,4686.5,16314.6699,234.56,1931.34
1194,2015-09-26,,,234.71,
1195,2015-09-27,,,237.98,
437,2015-09-28,4543.9702,16001.8896,240.54,1881.77
438,2015-09-29,4517.3198,16049.1299,238.26,1884.09
439,2015-09-30,4620.1602,16284.7002,238.26,1920.03
440,2015-10-01,4627.0801,16272.0098,238.9,1923.8199
441,2015-10-02,4707.7798,16472.3691,238.71,1951.36
1196,2015-10-03,,,240.24,
1197,2015-10-04,,,239.92,
442,2015-10-05,4781.2598,16776.4297,241.46,1987.05
443,2015-10-06,4748.3599,16790.1895,247.07,1979.92
444,2015-10-07,4791.1499,16912.2891,245.13,1995.83
445,2015-10-08,4810.79,17050.75,244.05,2013.4301
446,2015-10-09,4830.4702,17084.4902,245.21,2014.89
1198,2015-10-10,,,245.86,
1199,2015-10-11,,,248.21,
447,2015-10-12,4838.6401,17131.8594,245.7,2017.46
448,2015-10-13,4796.6099,17081.8906,250.76,2003.6899
449,2015-10-14,4782.8501,16924.75,255.86,1994.24
450,2015-10-15,4870.1001,17141.75,256.05,2023.86
451,2015-10-16,4886.6899,17215.9707,269.63,2033.11
1200,2015-10-17,,,270.46,
1201,2015-10-18,,,266.15,
452,2015-10-19,4905.4702,17230.5391,264.64,2033.66
453,2015-10-20,4880.9702,17217.1094,271.41,2030.77
454,2015-10-21,4840.1201,17168.6094,269.04,2018.9399
455,2015-10-22,4920.0498,17489.1602,276.68,2052.51
456,2015-10-23,5031.8599,17646.6992,281.9,2075.1499
1202,2015-10-24,,,289.32,
1203,2015-10-25,,,282.3,
457,2015-10-26,5034.7002,17623.0508,288.74,2071.1799
458,2015-10-27,5030.1499,17581.4297,302.51,2065.8899
459,2015-10-28,5095.6899,17779.5195,306.78,2090.3501
460,2015-10-29,5074.27,17755.8008,334.91,2089.4099
461,2015-10-30,5053.75,17663.5391,326.87,2079.3601
1204,2015-10-31,,,317.93,
1205,2015-11-01,,,331.96,
462,2015-11-02,5127.1499,17828.7598,373.51,2104.05
463,2015-11-03,5145.1299,17918.1504,440.9,2109.79
464,2015-11-04,5142.48,17867.5801,388.05,2102.3101
465,2015-11-05,5127.7402,17863.4297,359.0,2099.9299
466,2015-11-06,5147.1201,17910.3301,383.16,2099.2
1206,2015-11-07,,,387.51,
1207,2015-11-08,,,366.02,
467,2015-11-09,5095.2998,17730.4805,379.58,2078.5801
468,2015-11-10,5083.2402,17758.2109,310.81,2081.72
469,2015-11-11,5067.02,17702.2207,328.4,2075.0
470,2015-11-12,5005.0801,17448.0703,339.5,2045.97
471,2015-11-13,4927.8799,17245.2402,338.0,2023.04
1208,2015-11-14,,,333.8,
1209,2015-11-15,,,322.33,
472,2015-11-16,4984.6201,17483.0098,335.6,2053.1899
473,2015-11-17,4986.02,17489.5,330.65,2050.4399
474,2015-11-18,5075.2002,17737.1602,334.31,2083.5801
475,2015-11-19,5073.6401,17732.75,316.73,2081.24
476,2015-11-20,5104.9199,17823.8105,324.99,2089.1699
1210,2015-11-21,,,325.88,
1211,2015-11-22,,,322.78,
477,2015-11-23,5102.48,17792.6797,321.75,2086.5901
478,2015-11-24,5102.8101,17812.1895,318.85,2089.1399
479,2015-11-25,5116.1401,17813.3906,332.29,2088.8701
1212,2015-11-26,,,352.4,
480,2015-11-27,5127.52,17813.3906,358.97,2090.1101
1213,2015-11-28,,,355.42,
1214,2015-11-29,,,377.25,
481,2015-11-30,5108.6699,17719.9199,378.01,2080.4099
482,2015-12-01,5156.3101,17888.3496,354.48,2102.6299
483,2015-12-02,5123.2202,17729.6797,368.58,2079.51
484,2015-12-03,5037.5298,17477.6699,359.34,2049.6201
485,2015-12-04,5142.27,17847.6309,371.23,2091.6899
1215,2015-12-05,,,398.0,
1216,2015-12-06,,,387.39,
486,2015-12-07,5101.8101,17730.5098,393.71,2077.0701
487,2015-12-08,5098.2402,17568.0,417.76,2063.5901
488,2015-12-09,5022.8701,17492.3008,411.83,2047.62
489,2015-12-10,5045.1699,17574.75,422.33,2052.23
490,2015-12-11,4933.4702,17265.2109,412.25,2012.37
1217,2015-12-12,,,434.41,
1218,2015-12-13,,,437.9,
491,2015-12-14,4952.23,17368.5,455.02,2021.9399
492,2015-12-15,4995.3599,17524.9102,452.85,2043.41
493,2015-12-16,5071.1299,17749.0898,454.49,2073.0701
494,2015-12-17,5002.5498,17495.8398,462.44,2041.89
495,2015-12-18,4923.0801,17128.5508,464.3,2005.55
1219,2015-12-19,,,459.19,
1220,2015-12-20,,,435.22,
496,2015-12-21,4968.9199,17251.6191,436.62,2021.15
497,2015-12-22,5001.1099,17417.2695,437.66,2038.97
498,2015-12-23,5045.9302,17602.6094,455.71,2064.29
499,2015-12-24,5048.4902,17552.1699,458.5,2060.99
1221,2015-12-25,,,442.66,
1222,2015-12-26,,,420.6,
1223,2015-12-27,,,428.68,
500,2015-12-28,5040.9902,17528.2695,422.31,2056.5
501,2015-12-29,5107.9399,17720.9805,432.48,2078.3601
502,2015-12-30,5065.8501,17603.8691,420.54,2063.3601
503,2015-12-31,5007.4102,17425.0293,435.99,2043.9399
1224,2016-01-01,,,435.72,
1225,2016-01-02,,,434.49,
1226,2016-01-03,,,433.39,
504,2016-01-04,4903.0898,17148.9395,433.78,2012.66
505,2016-01-05,4891.4302,17158.6602,431.31,2016.71
506,2016-01-06,4835.7598,16906.5098,443.51,1990.26
507,2016-01-07,4689.4302,16514.0996,458.52,1943.09
508,2016-01-08,4643.6299,16346.4502,449.74,1922.03
1227,2016-01-09,,,447.17,
1228,2016-01-10,,,451.53,
509,2016-01-11,4637.9902,16398.5703,447.57,1923.67
510,2016-01-12,4685.9199,16516.2207,432.78,1938.6801
511,2016-01-13,4526.0601,16151.4102,432.54,1890.28
512,2016-01-14,4615.0,16379.0498,416.12,1921.84
513,2016-01-15,4488.4199,15988.0801,369.09,1880.33
1229,2016-01-16,,,383.56,
1230,2016-01-17,,,376.05,
1231,2016-01-18,,,383.56,
514,2016-01-19,4476.9502,16016.0195,379.96,1881.33
515,2016-01-20,4471.6899,15766.7402,415.21,1859.33
516,2016-01-21,4472.0601,15882.6797,399.1,1868.99
517,2016-01-22,4591.1802,16093.5098,393.33,1906.9
1232,2016-01-23,,,390.09,
1233,2016-01-24,,,398.39,
518,2016-01-25,4518.4902,15885.2197,392.94,1877.08
519,2016-01-26,4567.6699,16167.2305,395.23,1903.63
520,2016-01-27,4468.1699,15944.46,383.42,1882.95
521,2016-01-28,4506.6802,16069.6396,375.17,1893.36
522,2016-01-29,4613.9502,16466.3008,379.41,1940.24
1234,2016-01-30,,,381.7,
1235,2016-01-31,,,374.63,
523,2016-02-01,4620.3701,16449.1797,373.91,1939.38
524,2016-02-02,4516.9502,16153.54,372.81,1903.03
525,2016-02-03,4504.2402,16336.6602,371.46,1912.53
526,2016-02-04,4509.5601,16416.5801,385.98,1915.45
527,2016-02-05,4363.1401,16204.9697,374.41,1880.05
1236,2016-02-06,,,376.64,
1237,2016-02-07,,,378.74,
528,2016-02-08,4283.75,16027.0498,371.35,1853.4399
529,2016-02-09,4268.7598,16014.3799,374.57,1852.21
530,2016-02-10,4283.5898,15914.7402,374.84,1851.86
531,2016-02-11,4266.8398,15660.1797,379.21,1829.08
532,2016-02-12,4337.5098,15973.8398,390.21,1864.78
1238,2016-02-13,,,397.05,
1239,2016-02-14,,,405.08,
1240,2016-02-15,,,399.73,
533,2016-02-16,4435.96,16196.4102,409.0,1895.58
534,2016-02-17,4534.0601,16453.8301,418.45,1926.8199
535,2016-02-18,4487.54,16413.4297,420.56,1917.83
536,2016-02-19,4504.4302,16391.9902,424.79,1917.78
1241,2016-02-20,,,439.23,
1242,2016-02-21,,,435.11,
537,2016-02-22,4570.6099,16620.6602,438.63,1945.5
538,2016-02-23,4503.5801,16431.7793,411.47,1921.27
539,2016-02-24,4542.6099,16484.9902,419.7,1929.8
540,2016-02-25,4582.2002,16697.2891,422.85,1951.7
541,2016-02-26,4590.4702,16639.9707,432.56,1948.05
1243,2016-02-27,,,426.31,
1244,2016-02-28,,,436.66,
542,2016-02-29,4557.9502,16516.5,435.19,1932.23
543,2016-03-01,4689.6001,16865.0801,432.86,1978.35
544,2016-03-02,4703.4199,16899.3203,414.46,1986.45
545,2016-03-03,4707.4199,16943.9004,420.28,1993.4
546,2016-03-04,4717.02,17006.7695,407.71,1999.99
1245,2016-03-05,,,397.65,
1246,2016-03-06,,,403.91,
547,2016-03-07,4708.25,17073.9492,414.71,2001.76
548,2016-03-08,4648.8198,16964.0996,410.21,1979.26
549,2016-03-09,4674.3799,17000.3594,412.03,1989.26
550,2016-03-10,4662.1602,16995.1309,417.89,1989.5699
551,2016-03-11,4748.4702,17213.3105,414.32,2022.1899
1247,2016-03-12,,,412.35,
1248,2016-03-13,,,415.13,
552,2016-03-14,4750.2798,17229.1309,416.11,2019.64
553,2016-03-15,4728.6699,17251.5293,414.88,2015.9301
554,2016-03-16,4763.9702,17325.7598,417.99,2027.22
555,2016-03-17,4774.9902,17481.4902,417.02,2040.59
556,2016-03-18,4795.6499,17602.3008,407.96,2049.5801
1249,2016-03-19,,,410.31,
1250,2016-03-20,,,408.94,
557,2016-03-21,4808.8701,17623.8691,416.0,2051.6001
558,2016-03-22,4821.6602,17582.5703,417.16,2049.8
559,2016-03-23,4768.8599,17502.5898,416.64,2036.71
560,2016-03-24,4773.5,17515.7305,413.87,2035.9399
1251,2016-03-25,,,417.2,
1252,2016-03-26,,,416.72,
1253,2016-03-27,,,422.97,
561,2016-03-28,4766.79,17535.3906,423.1,2037.05
562,2016-03-29,4846.6201,17633.1094,414.9,2055.01
563,2016-03-30,4869.29,17716.6602,414.8,2063.95
564,2016-03-31,4869.8501,17685.0898,416.66,2059.74
565,2016-04-01,4914.54,17792.75,418.79,2072.78
1254,2016-04-02,,,419.51,
1255,2016-04-03,,,419.71,
566,2016-04-04,4891.7998,17737.0,423.09,2066.1299
567,2016-04-05,4843.9302,17603.3203,422.06,2045.17
568,2016-04-06,4920.7202,17716.0508,420.05,2066.6599
569,2016-04-07,4848.3701,17541.9609,422.72,2041.91
570,2016-04-08,4850.6899,17576.9609,419.2,2047.6
1256,2016-04-09,,,420.92,
1257,2016-04-10,,,423.28,
571,2016-04-11,4833.3999,17556.4102,428.2,2041.99
572,2016-04-12,4872.0898,17721.25,428.39,2061.72
573,2016-04-13,4947.4199,17908.2793,425.75,2082.4199
574,2016-04-14,4945.8901,17926.4297,428.04,2082.78
575,2016-04-15,4938.2202,17897.4609,431.82,2080.73
1258,2016-04-16,,,433.69,
1259,2016-04-17,,,433.3,
576,2016-04-18,4960.02,18004.1602,431.08,2094.3401
577,2016-04-19,4940.3301,18053.5996,438.0,2100.8
578,2016-04-20,4948.1299,18096.2695,444.53,2102.3999
579,2016-04-21,4945.8901,17982.5195,448.27,2091.48
580,2016-04-22,4906.23,18003.75,448.51,2091.5801
1260,2016-04-23,,,459.27,
1261,2016-04-24,,,464.66,
581,2016-04-25,4895.79,17977.2402,467.77,2087.79
582,2016-04-26,4888.2798,17990.3203,468.8,2091.7
583,2016-04-27,4863.1401,18041.5508,442.78,2095.1499
584,2016-04-28,4805.29,17830.7598,450.3,2075.8101
585,2016-04-29,4775.3599,17773.6406,457.34,2065.3
1262,2016-04-30,,,454.19,
1263,2016-05-01,,,457.09,
586,2016-05-02,4817.5898,17891.1602,446.41,2081.4299
587,2016-05-03,4763.2202,17750.9102,451.0,2063.3701
588,2016-05-04,4725.6401,17651.2598,450.93,2051.1201
589,2016-05-05,4717.0898,17660.7109,449.35,2050.6299
590,2016-05-06,4736.1602,17740.6309,460.25,2057.1399
1264,2016-05-07,,,462.97,
1265,2016-05-08,,,461.48,
591,2016-05-09,4750.21,17705.9102,463.29,2058.6899
592,2016-05-10,4809.8799,17928.3496,456.44,2084.3899
593,2016-05-11,4760.6899,17711.1191,454.35,2064.46
594,2016-05-12,4737.3301,17720.5,455.85,2064.1101
595,2016-05-13,4717.6802,17535.3203,456.64,2046.61
1266,2016-05-14,,,460.0,
1267,2016-05-15,,,460.17,
596,2016-05-16,4775.46,17710.7109,457.0,2066.6599
597,2016-05-17,4715.73,17529.9805,456.21,2047.21
598,2016-05-18,4739.1201,17526.6191,456.2,2047.63
599,2016-05-19,4712.5298,17435.4004,440.72,2040.04
600,2016-05-20,4769.5601,17500.9395,446.15,2052.3201
1268,2016-05-21,,,445.99,
1269,2016-05-22,,,444.95,
601,2016-05-23,4765.7798,17492.9297,447.42,2048.04
602,2016-05-24,4861.0601,17706.0508,449.96,2076.0601
603,2016-05-25,4894.8901,17851.5098,450.64,2090.54
604,2016-05-26,4901.77,17828.2891,467.99,2090.1001
605,2016-05-27,4933.5,17873.2207,496.48,2099.0601
1270,2016-05-28,,,514.99,
1271,2016-05-29,,,528.52,
1272,2016-05-30,,,533.9,
606,2016-05-31,4948.0498,17787.1992,529.48,2096.95
607,2016-06-01,4952.25,17789.6699,536.55,2099.3301
608,2016-06-02,4971.3599,17838.5605,537.65,2105.26
609,2016-06-03,4942.52,17807.0605,573.55,2099.1299
1273,2016-06-04,,,580.79,
1274,2016-06-05,,,580.95,
610,2016-06-06,4968.71,17920.3301,587.9,2109.4099
611,2016-06-07,4961.75,17938.2793,575.8,2112.1299
612,2016-06-08,4974.6401,18005.0508,581.4,2119.1201
613,2016-06-09,4958.6201,17985.1895,575.54,2115.48
614,2016-06-10,4894.5498,17865.3398,585.7,2096.0701
1275,2016-06-11,,,637.0,
1276,2016-06-12,,,684.99,
615,2016-06-13,4848.4399,17732.4805,691.08,2079.0601
616,2016-06-14,4843.5498,17674.8203,683.06,2075.3201
617,2016-06-15,4834.9302,17640.1699,726.36,2071.5
618,2016-06-16,4844.9199,17733.0996,771.88,2077.99
619,2016-06-17,4800.3398,17675.1602,749.11,2071.22
1277,2016-06-18,,,748.07,
1278,2016-06-19,,,762.0,
620,2016-06-20,4837.21,17804.8691,700.48,2083.25
621,2016-06-21,4843.7598,17829.7305,662.17,2088.8999
622,2016-06-22,4833.3198,17780.8301,590.2,2085.45
623,2016-06-23,4910.04,18011.0703,680.86,2113.3201
624,2016-06-24,4707.98,17400.75,692.13,2037.41
1279,2016-06-25,,,661.64,
1280,2016-06-26,,,647.88,
625,2016-06-27,4594.4399,17140.2402,653.47,2000.54
626,2016-06-28,4691.8701,17409.7207,635.14,2036.09
627,2016-06-29,4779.25,17694.6797,637.19,2070.77
628,2016-06-30,4842.6699,17929.9902,682.03,2098.8601
629,2016-07-01,4862.5698,17949.3691,679.53,2102.95
1281,2016-07-02,,,693.56,
1282,2016-07-03,,,678.81,
1283,2016-07-04,,,678.31,
630,2016-07-05,4822.8999,17840.6191,679.66,2088.55
631,2016-07-06,4859.1602,17918.6191,648.71,2099.73
632,2016-07-07,4876.8101,17895.8809,641.05,2097.8999
633,2016-07-08,4956.7598,18146.7402,655.27,2129.8999
1284,2016-07-09,,,650.86,
1285,2016-07-10,,,661.15,
634,2016-07-11,4988.6401,18226.9297,649.68,2137.1599
635,2016-07-12,5022.8198,18347.6699,664.53,2152.1399
636,2016-07-13,5005.73,18372.1191,653.58,2152.4299
637,2016-07-14,5034.0601,18506.4102,665.98,2163.75
638,2016-07-15,5029.5898,18516.5508,669.03,2161.74
1286,2016-07-16,,,668.91,
1287,2016-07-17,,,682.72,
639,2016-07-18,5055.7798,18533.0508,675.16,2166.8899
640,2016-07-19,5036.3701,18559.0098,674.21,2163.78
641,2016-07-20,5089.9302,18595.0293,663.41,2173.02
642,2016-07-21,5073.8999,18517.2305,668.86,2165.1699
643,2016-07-22,5100.1602,18570.8496,661.9,2175.03
1288,2016-07-23,,,657.28,
1289,2016-07-24,,,660.79,
644,2016-07-25,5097.6299,18493.0605,658.27,2168.48
645,2016-07-26,5110.0498,18473.75,647.12,2169.1799
646,2016-07-27,5139.8101,18472.1699,657.92,2166.5801
647,2016-07-28,5154.98,18456.3496,658.9,2170.0601
648,2016-07-29,5162.1299,18432.2402,658.16,2173.6001
1290,2016-07-30,,,635.91,
1291,2016-07-31,,,626.5,
649,2016-08-01,5184.2002,18404.5098,598.0,2170.8401
650,2016-08-02,5137.73,18313.7695,548.99,2157.03
651,2016-08-03,5159.7402,18355.0,584.64,2163.79
652,2016-08-04,5166.25,18352.0508,579.97,2164.25
653,2016-08-05,5221.1201,18543.5293,583.0,2182.8701
1292,2016-08-06,,,592.79,
1293,2016-08-07,,,594.6,
654,2016-08-08,5213.1401,18529.2891,588.74,2180.8899
655,2016-08-09,5225.48,18533.0508,586.22,2181.74
656,2016-08-10,5204.5801,18495.6602,593.89,2175.49
657,2016-08-11,5228.3999,18613.5195,584.41,2185.79
658,2016-08-12,5232.8901,18576.4707,588.07,2184.05
1294,2016-08-13,,,583.37,
1295,2016-08-14,,,572.55,
659,2016-08-15,5262.02,18636.0508,568.54,2190.1499
660,2016-08-16,5227.1099,18552.0195,578.18,2178.1499
661,2016-08-17,5228.6602,18573.9395,574.46,2182.22
662,2016-08-18,5240.1499,18597.6992,575.06,2187.02
663,2016-08-19,5238.3799,18552.5703,574.34,2183.8701
1296,2016-08-20,,,582.16,
1297,2016-08-21,,,580.37,
664,2016-08-22,5244.6001,18529.4199,585.93,2182.6399
665,2016-08-23,5260.0801,18547.3008,579.15,2186.8999
666,2016-08-24,5217.6899,18481.4805,575.69,2175.4399
667,2016-08-25,5212.2002,18448.4102,576.66,2172.47
668,2016-08-26,5218.9199,18395.4004,576.92,2169.04
1298,2016-08-27,,,570.98,
1299,2016-08-28,,,574.98,
669,2016-08-29,5232.3301,18502.9902,573.23,2180.3799
670,2016-08-30,5222.9902,18454.3008,572.93,2176.1201
671,2016-08-31,5213.2202,18400.8809,571.98,2170.95
672,2016-09-01,5227.21,18419.3008,570.94,2170.8601
673,2016-09-02,5249.8999,18491.9609,575.19,2179.98
1300,2016-09-03,,,598.66,
1301,2016-09-04,,,609.6,
1302,2016-09-05,,,607.01,
674,2016-09-06,5275.9102,18538.1191,612.17,2186.48
675,2016-09-07,5283.9302,18526.1406,615.96,2186.1599
676,2016-09-08,5259.48,18479.9102,626.56,2181.3
677,2016-09-09,5125.9102,18085.4492,622.31,2127.8101
1303,2016-09-10,,,622.39,
1304,2016-09-11,,,608.86,
678,2016-09-12,5211.8901,18325.0703,608.53,2159.04
679,2016-09-13,5155.25,18066.75,609.17,2127.02
680,2016-09-14,5173.77,18034.7695,608.23,2125.77
681,2016-09-15,5249.6899,18212.4805,606.64,2147.26
682,2016-09-16,5244.5698,18123.8008,608.21,2139.1599
1305,2016-09-17,,,607.72,
1306,2016-09-18,,,611.82,
683,2016-09-19,5235.0298,18120.1699,609.29,2139.1201
684,2016-09-20,5241.3501,18129.9609,598.86,2139.76
685,2016-09-21,5295.1802,18293.6992,597.07,2163.1201
686,2016-09-22,5339.52,18392.4609,596.99,2177.1799
687,2016-09-23,5305.75,18261.4492,605.59,2164.6899
1307,2016-09-24,,,602.68,
1308,2016-09-25,,,602.24,
688,2016-09-26,5257.4902,18094.8301,605.56,2146.1001
689,2016-09-27,5305.71,18228.3008,604.5,2159.9299
690,2016-09-28,5318.5498,18339.2402,604.99,2171.3701
691,2016-09-29,5269.1499,18143.4492,605.54,2151.1299
692,2016-09-30,5312.0,18308.1504,612.51,2168.27
1309,2016-10-01,,,615.54,
1310,2016-10-02,,,613.92,
693,2016-10-03,5300.8701,18253.8496,610.59,2161.2
694,2016-10-04,5289.6602,18168.4492,609.74,2150.49
695,2016-10-05,5316.02,18281.0293,612.55,2159.73
696,2016-10-06,5306.8501,18268.5,612.34,2160.77
697,2016-10-07,5292.3999,18240.4902,619.64,2153.74
1311,2016-10-08,,,617.82,
1312,2016-10-09,,,618.96,
698,2016-10-10,5328.6699,18329.0391,631.08,2163.6599
699,2016-10-11,5246.79,18128.6602,638.51,2136.73
700,2016-10-12,5239.02,18144.1992,638.3,2139.1799
701,2016-10-13,5213.3301,18098.9395,634.17,2132.55
702,2016-10-14,5214.1602,18138.3809,639.1,2132.98
1313,2016-10-15,,,640.88,
1314,2016-10-16,,,640.25,
703,2016-10-17,5199.8198,18086.4004,639.12,2126.5
704,2016-10-18,5243.8398,18161.9395,636.95,2139.6001
705,2016-10-19,5246.4102,18202.6191,629.2,2144.29
706,2016-10-20,5241.8301,18162.3496,629.67,2141.3401
707,2016-10-21,5257.3999,18145.7109,630.87,2141.1599
1315,2016-10-22,,,649.68,
1316,2016-10-23,,,651.04,
708,2016-10-24,5309.8301,18223.0293,655.29,2151.3301
709,2016-10-25,5283.3999,18169.2695,657.75,2143.1599
710,2016-10-26,5250.27,18199.3301,688.69,2139.4299
711,2016-10-27,5215.9702,18169.6797,687.49,2133.04
712,2016-10-28,5190.1001,18161.1895,703.6,2126.4099
1317,2016-10-29,,,710.95,
1318,2016-10-30,,,698.23,
713,2016-10-31,5189.1401,18142.4199,710.01,2126.1499
714,2016-11-01,5153.5801,18037.0996,725.05,2111.72
715,2016-11-02,5105.5698,17959.6406,742.17,2097.9399
716,2016-11-03,5058.4102,17930.6699,703.55,2088.6599
717,2016-11-04,5046.3701,17888.2793,704.29,2085.1799
1319,2016-11-05,,,717.77,
1320,2016-11-06,,,710.18,
718,2016-11-07,5166.1699,18259.5996,707.35,2131.52
719,2016-11-08,5193.4902,18332.7402,744.99,2139.5601
720,2016-11-09,5251.0698,18589.6895,717.7,2163.26
721,2016-11-10,5208.7998,18807.8809,712.5,2167.48
722,2016-11-11,5237.1099,18847.6602,715.27,2164.45
1321,2016-11-12,,,691.93,
1322,2016-11-13,,,704.92,
723,2016-11-14,5218.3999,18868.6895,710.52,2164.2
724,2016-11-15,5275.6201,18923.0605,712.02,2180.3899
725,2016-11-16,5294.5801,18868.1406,748.0,2176.9399
726,2016-11-17,5333.9702,18903.8203,739.99,2187.1201
727,2016-11-18,5321.5098,18867.9297,748.85,2181.8999
1323,2016-11-19,,,750.93,
1324,2016-11-20,,,730.47,
728,2016-11-21,5368.8599,18956.6895,736.53,2198.1799
729,2016-11-22,5386.3501,19023.8691,742.5,2202.9399
730,2016-11-23,5380.6802,19083.1797,740.2,2204.72
1325,2016-11-24,,,732.21,
731,2016-11-25,5398.9199,19152.1406,738.94,2213.3501
1326,2016-11-26,,,730.91,
1327,2016-11-27,,,731.35,
732,2016-11-28,5368.8101,19097.9004,731.77,2201.72
733,2016-11-29,5379.9199,19121.5996,730.4,2204.6599
734,2016-11-30,5323.6802,19123.5801,746.42,2198.8101
735,2016-12-01,5251.1099,19191.9297,767.35,2191.0801
736,2016-12-02,5255.6499,19170.4199,763.01,2191.95
1328,2016-12-03,,,767.05,
1329,2016-12-04,,,754.86,
737,2016-12-05,5308.8901,19216.2402,755.61,2204.71
738,2016-12-06,5333.0,19251.7793,755.52,2212.23
739,2016-12-07,5393.7598,19549.6191,764.69,2241.3501
740,2016-12-08,5417.3599,19614.8105,768.52,2246.1899
741,2016-12-09,5444.5,19756.8496,772.36,2259.53
1330,2016-12-10,,,767.8,
1331,2016-12-11,,,772.31,
742,2016-12-12,5412.54,19796.4297,778.77,2256.96
743,2016-12-13,5463.8301,19911.2109,780.31,2271.72
744,2016-12-14,5436.6699,19792.5293,779.56,2253.28
745,2016-12-15,5456.8501,19852.2402,780.99,2262.03
746,2016-12-16,5437.1602,19843.4102,788.4,2258.0701
1332,2016-12-17,,,790.71,
1333,2016-12-18,,,794.97,
747,2016-12-19,5457.4399,19883.0605,789.02,2262.53
748,2016-12-20,5483.9399,19974.6191,808.65,2270.76
749,2016-12-21,5471.4302,19941.9609,845.92,2265.1799
750,2016-12-22,5447.4199,19918.8809,893.49,2260.96
751,2016-12-23,5462.6899,19933.8105,912.65,2263.79
1334,2016-12-24,,,876.46,
1335,2016-12-25,,,902.98,
1336,2016-12-26,,,898.95,
752,2016-12-27,5487.4399,19945.0391,942.73,2268.8799
753,2016-12-28,5438.5601,19833.6797,981.91,2249.9199
754,2016-12-29,5432.0898,19819.7793,950.49,2249.26
755,2016-12-30,5383.1201,19762.5996,953.71,2238.8301
1337,2016-12-31,,,966.92,
1338,2017-01-01,,,1003.64,
1339,2017-01-02,,,1018.8,
756,2017-01-03,5429.0801,19881.7598,1062.96,2257.8301
757,2017-01-04,5477.0,19942.1602,1163.01,2270.75
758,2017-01-05,5487.9399,19899.2891,982.38,2269.0
759,2017-01-06,5521.0601,19963.8008,831.36,2276.98
1340,2017-01-07,,,944.2,
1341,2017-01-08,,,901.02,
760,2017-01-09,5531.8198,19887.3809,900.42,2268.8999
761,2017-01-10,5551.8198,19855.5293,920.94,2268.8999
762,2017-01-11,5563.6499,19954.2793,777.41,2275.3201
763,2017-01-12,5547.4902,19891.0,792.52,2270.4399
764,2017-01-13,5574.1201,19885.7305,835.73,2274.6399
1342,2017-01-14,,,827.0,
1343,2017-01-15,,,838.28,
1344,2017-01-16,,,865.0,
765,2017-01-17,5538.73,19826.7695,904.41,2267.8899
766,2017-01-18,5555.6499,19804.7207,890.97,2271.8899
767,2017-01-19,5540.0801,19732.4004,897.04,2263.6899
768,2017-01-20,5555.3301,19827.25,914.99,2271.3101
1345,2017-01-21,,,938.99,
1346,2017-01-22,,,924.63,
769,2017-01-23,5552.9399,19799.8496,917.86,2265.2
770,2017-01-24,5600.96,19912.7109,901.05,2280.0701
771,2017-01-25,5656.3398,20068.5098,903.54,2298.3701
772,2017-01-26,5655.1802,20100.9102,914.75,2296.6799
773,2017-01-27,5660.7798,20093.7793,924.4,2294.6899
1347,2017-01-28,,,924.97,
1348,2017-01-29,,,920.49,
774,2017-01-30,5613.71,19971.1309,924.99,2280.8999
775,2017-01-31,5614.79,19864.0898,975.0,2278.8701
776,2017-02-01,5642.6499,19890.9395,987.01,2279.55
777,2017-02-02,5636.2002,19884.9102,1019.9,2280.8501
778,2017-02-03,5666.77,20071.4609,1008.35,2297.4199
1349,2017-02-04,,,1029.82,
1350,2017-02-05,,,1017.94,
779,2017-02-06,5663.5498,20052.4199,1039.37,2292.5601
780,2017-02-07,5674.2202,20090.2891,1067.19,2293.0801
781,2017-02-08,5682.4502,20054.3398,1074.3,2294.6699
782,2017-02-09,5715.1802,20172.4004,989.23,2307.8701
783,2017-02-10,5734.1299,20269.3691,1016.33,2316.1001
1351,2017-02-11,,,1011.82,
1352,2017-02-12,,,1018.73,
784,2017-02-13,5763.96,20412.1602,1005.85,2328.25
785,2017-02-14,5782.5698,20504.4102,1013.01,2337.5801
786,2017-02-15,5819.4399,20611.8594,1025.9,2349.25
787,2017-02-16,5814.8999,20619.7695,1042.5,2347.22
788,2017-02-17,5838.5801,20624.0508,1070.49,2351.1599
1353,2017-02-18,,,1061.0,
1354,2017-02-19,,,1055.27,
1355,2017-02-20,,,1091.46,
789,2017-02-21,5865.9502,20743.0,1115.52,2365.3799
790,2017-02-22,5860.6299,20775.5996,1132.15,2362.8201
791,2017-02-23,5835.5098,20810.3203,1210.98,2363.8101
792,2017-02-24,5845.3101,20821.7598,1180.99,2367.3401
1356,2017-02-25,,,1154.9,
1357,2017-02-26,,,1186.35,
793,2017-02-27,5861.8999,20837.4395,1199.17,2369.75
794,2017-02-28,5825.4399,20812.2402,1199.65,2363.6399
795,2017-03-01,5904.0298,21115.5508,1224.85,2395.96
796,2017-03-02,5861.2202,21002.9707,1269.36,2381.9199
797,2017-03-03,5870.75,21005.7109,1293.01,2383.1201
1358,2017-03-04,,,1265.5,
1359,2017-03-05,,,1278.11,
798,2017-03-06,5849.1802,20954.3398,1279.49,2375.3101
799,2017-03-07,5833.9302,20924.7598,1180.82,2368.3899
800,2017-03-08,5837.5498,20855.7305,1160.0,2362.98
801,2017-03-09,5838.8101,20858.1895,1204.94,2364.8701
802,2017-03-10,5861.73,20902.9805,1167.5,2372.6001
1360,2017-03-11,,,1181.64,
1361,2017-03-12,,,1246.74,
803,2017-03-13,5875.7798,20881.4805,1241.59,2373.47
804,2017-03-14,5856.8198,20837.3691,1247.2,2365.45
805,2017-03-15,5900.0498,20950.0996,1245.29,2385.26
806,2017-03-16,5900.7598,20934.5508,1128.96,2381.3799
807,2017-03-17,5901.0,20914.6191,1067.27,2378.25
1362,2017-03-18,,,1001.31,
1363,2017-03-19,,,1037.92,
808,2017-03-20,5901.5298,20905.8594,1079.46,2373.47
809,2017-03-21,5793.8301,20668.0098,1090.0,2344.02
810,2017-03-22,5821.6401,20661.3008,1021.1,2348.45
811,2017-03-23,5817.6899,20656.5801,1001.24,2345.96
812,2017-03-24,5828.7402,20596.7207,902.14,2343.98
1364,2017-03-25,,,969.99,
1365,2017-03-26,,,972.61,
813,2017-03-27,5840.3701,20550.9805,1037.83,2341.5901
814,2017-03-28,5875.1401,20701.5,1024.43,2358.5701
815,2017-03-29,5897.5498,20659.3203,1044.8,2361.1299
816,2017-03-30,5914.3398,20728.4902,1056.0,2368.0601
817,2017-03-31,5911.7402,20663.2207,1087.68,2362.72
1366,2017-04-01,,,1084.03,
1367,2017-04-02,,,1134.0,
818,2017-04-03,5894.6802,20650.2109,1153.07,2358.8401
819,2017-04-04,5898.6099,20689.2402,1137.87,2360.1599
820,2017-04-05,5864.48,20648.1504,1155.61,2352.95
821,2017-04-06,5878.9502,20662.9492,1190.2,2357.49
822,2017-04-07,5877.8101,20656.0996,1195.66,2355.54
1368,2017-04-08,,,1185.81,
1369,2017-04-09,,,1215.91,
823,2017-04-10,5880.9302,20658.0195,1203.6,2357.1599
824,2017-04-11,5866.77,20651.3008,1224.1,2353.78
825,2017-04-12,5836.1602,20591.8594,1216.37,2344.9299
826,2017-04-13,5805.1499,20453.25,1184.94,2328.95
1370,2017-04-14,,,1180.14,
1371,2017-04-15,,,1187.99,
1372,2017-04-16,,,1175.85,
827,2017-04-17,5856.79,20636.9199,1200.35,2349.01
828,2017-04-18,5849.4702,20523.2793,1205.88,2342.1899
829,2017-04-19,5863.0298,20404.4902,1218.58,2338.1699
830,2017-04-20,5916.7798,20578.7109,1246.03,2355.8401
831,2017-04-21,5910.52,20547.7598,1248.37,2348.6899
1373,2017-04-22,,,1238.53,
1374,2017-04-23,,,1254.5,
832,2017-04-24,5983.8198,20763.8906,1269.47,2374.1499
833,2017-04-25,6025.4902,20996.1191,1287.26,2388.6101
834,2017-04-26,6025.23,20975.0898,1312.02,2387.45
835,2017-04-27,6048.9399,20981.3301,1355.03,2388.77
836,2017-04-28,6047.6099,20940.5098,1364.94,2384.2
1375,2017-04-29,,,1345.35,
1376,2017-04-30,,,1420.36,
837,2017-05-01,6091.6001,20913.4609,1452.87,2388.3301
838,2017-05-02,6095.3701,20949.8906,1473.23,2391.1699
839,2017-05-03,6072.5498,20957.9004,1572.69,2388.1299
840,2017-05-04,6075.3398,20951.4707,1608.4,2389.52
841,2017-05-05,6100.7598,21006.9395,1576.07,2399.29
1377,2017-05-06,,,1602.59,
1378,2017-05-07,,,1628.48,
842,2017-05-08,6102.6602,21012.2793,1700.0,2399.3799
843,2017-05-09,6120.5898,20975.7793,1716.95,2396.9199
844,2017-05-10,6129.1401,20943.1094,1822.28,2399.6299
845,2017-05-11,6115.96,20919.4199,1756.68,2394.4399
846,2017-05-12,6121.23,20896.6094,1679.68,2390.8999
1379,2017-05-13,,,1789.73,
1380,2017-05-14,,,1767.2,
847,2017-05-15,6149.6699,20981.9395,1722.01,2402.3201
848,2017-05-16,6169.8701,20979.75,1812.83,2400.6699
849,2017-05-17,6011.2402,20606.9297,1816.53,2357.03
850,2017-05-18,6055.1299,20663.0195,1925.55,2365.72
851,2017-05-19,6083.7002,20804.8398,1987.45,2381.73
1381,2017-05-20,,,2069.83,
1382,2017-05-21,,,2130.01,
852,2017-05-22,6133.6201,20894.8301,2190.86,2394.02
853,2017-05-23,6138.71,20937.9102,2312.12,2398.4199
854,2017-05-24,6163.02,21012.4199,2553.1,2404.3899
855,2017-05-25,6205.2598,21082.9492,2487.03,2415.0701
856,2017-05-26,6210.1899,21080.2793,2199.89,2415.8201
1383,2017-05-27,,,2261.93,
1384,2017-05-28,,,2184.98,
1385,2017-05-29,,,2314.86,
857,2017-05-30,6203.1899,21029.4707,2205.93,2412.9099
858,2017-05-31,6198.52,21008.6504,2410.26,2411.8
859,2017-06-01,6246.8301,21144.1797,2431.01,2430.0601
860,2017-06-02,6305.7998,21206.2891,2458.0,2439.0701
1386,2017-06-03,,,2531.52,
1387,2017-06-04,,,2588.93,
861,2017-06-05,6295.6802,21184.0391,2850.12,2436.1001
862,2017-06-06,6275.0601,21136.2305,2868.18,2429.3301
863,2017-06-07,6297.3799,21173.6895,2770.87,2433.1399
864,2017-06-08,6321.7598,21182.5293,2824.43,2433.79
865,2017-06-09,6207.9199,21271.9707,2819.21,2431.77
1388,2017-06-10,,,2905.45,
1389,2017-06-11,,,2991.12,
866,2017-06-12,6175.46,21235.6699,2679.58,2429.3899
867,2017-06-13,6220.3701,21328.4707,2766.65,2440.3501
868,2017-06-14,6194.8901,21374.5605,2419.32,2437.9199
869,2017-06-15,6165.5,21359.9004,2405.0,2432.46
870,2017-06-16,6151.7598,21384.2793,2497.9,2433.1499
1390,2017-06-17,,,2636.19,
1391,2017-06-18,,,2561.76,
871,2017-06-19,6239.0098,21528.9902,2591.96,2453.46
872,2017-06-20,6188.0298,21467.1406,2780.0,2437.03
873,2017-06-21,6233.9502,21410.0293,2598.58,2435.6101
874,2017-06-22,6236.6899,21397.2891,2721.32,2434.5
875,2017-06-23,6265.25,21394.7598,2705.41,2438.3
1392,2017-06-24,,,2573.0,
1393,2017-06-25,,,2504.99,
876,2017-06-26,6247.1499,21409.5508,2431.81,2439.0701
877,2017-06-27,6146.6201,21310.6602,2498.59,2419.3799
878,2017-06-28,6234.4102,21454.6094,2559.64,2440.6899
879,2017-06-29,6144.3501,21287.0293,2527.99,2419.7
880,2017-06-30,6140.4199,21349.6309,2462.42,2423.4099
1394,2017-07-01,,,2412.0,
1395,2017-07-02,,,2498.92,
881,2017-07-03,6110.0601,21479.2695,2620.0,2429.01
1396,2017-07-04,,,2572.85,
882,2017-07-05,6150.8599,21478.1699,2607.97,2432.54
883,2017-07-06,6089.46,21320.0391,2594.55,2409.75
884,2017-07-07,6153.0801,21414.3398,2525.96,2425.1799
1397,2017-07-08,,,2572.95,
1398,2017-07-09,,,2512.94,
885,2017-07-10,6176.3901,21408.5195,2326.78,2427.4299
886,2017-07-11,6193.2998,21409.0703,2311.11,2425.53
887,2017-07-12,6261.1699,21532.1406,2387.13,2443.25
888,2017-07-13,6274.4399,21553.0898,2323.34,2447.8301
889,2017-07-14,6312.4702,21637.7402,2130.03,2459.27
1399,2017-07-15,,,1998.95,
1400,2017-07-16,,,1972.98,
890,2017-07-17,6314.4302,21629.7207,2182.93,2459.1399
891,2017-07-18,6344.3101,21574.7305,2323.24,2460.6101
892,2017-07-19,6385.04,21640.75,2319.43,2473.8301
893,2017-07-20,6390.0,21611.7793,2759.34,2473.45
894,2017-07-21,6387.75,21580.0703,2707.07,2472.54
1401,2017-07-22,,,2810.59,
1402,2017-07-23,,,2763.02,
895,2017-07-24,6410.8101,21513.1699,2762.01,2469.9099
896,2017-07-25,6412.1699,21613.4297,2510.01,2477.1299
897,2017-07-26,6422.75,21711.0098,2564.82,2477.8301
898,2017-07-27,6382.1899,21796.5508,2656.98,2475.4199
899,2017-07-28,6374.6802,21830.3105,2698.46,2472.1001
1403,2017-07-29,,,2707.98,
1404,2017-07-30,,,2714.04,
900,2017-07-31,6348.1201,21891.1191,2885.0,2470.3
901,2017-08-01,6362.9399,21963.9199,2741.96,2476.3501
902,2017-08-02,6362.6499,22016.2402,2714.88,2477.5701
903,2017-08-03,6340.3398,22026.0996,2771.86,2472.1599
904,2017-08-04,6351.5601,22092.8105,3117.77,2476.8301
1405,2017-08-05,,,3194.73,
1406,2017-08-06,,,3218.32,
905,2017-08-07,6383.77,22118.4199,3464.66,2480.9099
906,2017-08-08,6370.46,22085.3398,3357.01,2474.9199
907,2017-08-09,6352.3301,22048.6992,3340.5,2474.02
908,2017-08-10,6216.8701,21844.0098,3455.99,2438.21
909,2017-08-11,6256.5601,21858.3203,3735.0,2441.3201
1407,2017-08-12,,,4060.24,
1408,2017-08-13,,,4041.54,
910,2017-08-14,6340.23,21993.7109,4369.76,2465.8401
911,2017-08-15,6333.0098,21998.9902,4049.46,2464.6101
912,2017-08-16,6345.1099,22024.8691,4303.06,2468.1101
913,2017-08-17,6221.9102,21750.7305,4278.83,2430.01
914,2017-08-18,6216.5298,21674.5098,4112.47,2425.55
1409,2017-08-19,,,4098.99,
1410,2017-08-20,,,4074.42,
915,2017-08-21,6213.1299,21703.75,3662.74,2428.3701
916,2017-08-22,6297.48,21899.8906,4104.46,2452.51
917,2017-08-23,6278.4102,21812.0898,4143.27,2444.04
918,2017-08-24,6271.3301,21783.4004,4325.01,2438.97
919,2017-08-25,6265.6401,21813.6699,4311.19,2443.05
1411,2017-08-26,,,4326.0,
1412,2017-08-27,,,4261.26,
920,2017-08-28,6283.02,21808.4004,4389.47,2444.24
921,2017-08-29,6301.8901,21865.3691,4618.74,2446.3
922,2017-08-30,6368.3101,21892.4297,4633.78,2457.5901
923,2017-08-31,6428.6602,21948.0996,4715.8,2471.6499
924,2017-09-01,6435.3301,21987.5605,4850.01,2476.55
1413,2017-09-02,,,4718.94,
1414,2017-09-03,,,4578.28,
1415,2017-09-04,,,4345.0,
925,2017-09-05,6375.5698,21753.3105,4449.59,2457.8501
926,2017-09-06,6393.3101,21807.6406,4552.95,2465.54
927,2017-09-07,6397.8701,21784.7793,4584.97,2465.1001
928,2017-09-08,6360.1899,21797.7891,4372.98,2461.4299
1416,2017-09-09,,,4256.28,
1417,2017-09-10,,,4199.99,
929,2017-09-11,6432.2598,22057.3691,4286.05,2488.1101
930,2017-09-12,6454.2798,22118.8594,4010.15,2496.48
931,2017-09-13,6460.1899,22158.1797,3808.96,2498.3701
932,2017-09-14,6429.0801,22203.4805,3317.3,2495.6201
933,2017-09-15,6448.4702,22268.3398,3843.01,2500.23
1418,2017-09-16,,,3614.44,
1419,2017-09-17,,,3790.01,
934,2017-09-18,6454.6401,22331.3496,3908.02,2503.8701
935,2017-09-19,6461.3198,22370.8008,3860.48,2506.6499
936,2017-09-20,6456.04,22412.5898,3862.58,2508.24
937,2017-09-21,6422.6899,22359.2305,3735.24,2500.6001
938,2017-09-22,6426.9199,22349.5898,3708.79,2502.22
1420,2017-09-23,,,3688.7,
1421,2017-09-24,,,3789.99,
939,2017-09-25,6370.5898,22296.0898,3913.0,2496.6599
940,2017-09-26,6380.1602,22284.3203,3938.55,2496.8401
941,2017-09-27,6453.2598,22340.7109,4251.5,2507.04
942,2017-09-28,6453.4502,22381.1992,4073.2,2510.0601
943,2017-09-29,6495.96,22405.0898,4195.02,2519.3601
1422,2017-09-30,,,4300.97,
1423,2017-10-01,,,4419.99,
944,2017-10-02,6516.7202,22557.5996,4412.43,2529.1201
945,2017-10-03,6531.71,22641.6699,4308.33,2534.5801
946,2017-10-04,6534.6299,22661.6406,4165.0,2537.74
947,2017-10-05,6585.3599,22775.3906,4324.99,2552.0701
948,2017-10-06,6590.1802,22773.6699,4368.3,2549.3301
1424,2017-10-07,,,4424.78,
1425,2017-10-08,,,4580.2,
949,2017-10-09,6579.73,22761.0703,4798.48,2544.73
950,2017-10-10,6587.25,22830.6797,4745.0,2550.6399
951,2017-10-11,6603.5498,22872.8906,4838.01,2555.24
952,2017-10-12,6591.5098,22841.0098,5731.5,2550.9299
953,2017-10-13,6605.7998,22871.7207,5639.52,2553.1699
1426,2017-10-14,,,5748.6,
1427,2017-10-15,,,5608.01,
954,2017-10-16,6624.0,22956.9609,5671.01,2557.6399
955,2017-10-17,6623.6602,22997.4395,5530.01,2559.3601
956,2017-10-18,6624.2202,23157.5996,5636.01,2561.26
957,2017-10-19,6605.0698,23163.0391,5694.2,2562.1001
958,2017-10-20,6629.0498,23328.6309,6041.95,2575.21
1428,2017-10-21,,,5805.01,
1429,2017-10-22,,,6010.0,
959,2017-10-23,6586.8301,23273.9609,5632.83,2564.98
960,2017-10-24,6598.4302,23441.7598,5544.0,2569.1299
961,2017-10-25,6563.8901,23329.4609,5759.99,2557.1499
962,2017-10-26,6556.77,23400.8594,5895.01,2560.3999
963,2017-10-27,6701.2598,23434.1895,5790.8,2581.0701
1430,2017-10-28,,,5794.01,
1431,2017-10-29,,,6140.5,
964,2017-10-30,6698.96,23348.7402,6148.59,2572.8301
965,2017-10-31,6727.6699,23377.2402,6371.04,2575.26
966,2017-11-01,6716.5298,23435.0098,6951.0,2579.3601
967,2017-11-02,6714.9399,23516.2598,7209.29,2579.8501
968,2017-11-03,6764.4399,23539.1895,7265.0,2587.8401
1432,2017-11-04,,,7448.78,
1433,2017-11-05,,,7319.1,
969,2017-11-06,6786.4399,23548.4199,7140.0,2591.1299
970,2017-11-07,6767.7798,23557.2305,7396.49,2590.6399
971,2017-11-08,6789.1201,23563.3594,7395.0,2594.3799
972,2017-11-09,6750.0498,23461.9395,7227.92,2584.6201
973,2017-11-10,6750.9399,23422.2109,6724.18,2582.3
1434,2017-11-11,,,5850.98,
1435,2017-11-12,,,6255.0,
974,2017-11-13,6757.6001,23439.6992,6560.0,2584.8401
975,2017-11-14,6737.8701,23409.4707,6854.01,2578.8701
976,2017-11-15,6706.21,23271.2793,7220.08,2564.6201
977,2017-11-16,6793.29,23458.3594,7919.99,2585.6399
978,2017-11-17,6782.79,23358.2402,7735.02,2578.8501
1436,2017-11-18,,,7783.0,
1437,2017-11-19,,,8021.9,
979,2017-11-20,6790.71,23430.3301,8075.0,2582.1399
980,2017-11-21,6862.48,23590.8301,8170.04,2599.03
981,2017-11-22,6867.3599,23526.1797,8251.32,2597.0801
1438,2017-11-23,,,8133.48,
982,2017-11-24,6889.1602,23557.9902,8253.55,2602.4199
1439,2017-11-25,,,9040.0,
1440,2017-11-26,,,9710.0,
983,2017-11-27,6878.52,23580.7793,9892.7,2601.4199
984,2017-11-28,6912.3599,23836.7109,10110.5,2627.04
985,2017-11-29,6824.3901,23940.6797,10486.0,2626.0701
986,2017-11-30,6873.9702,24272.3496,9575.0,2647.5801
987,2017-12-01,6847.5898,24231.5898,10910.0,2642.22
1441,2017-12-02,,,11063.88,
1442,2017-12-03,,,11445.01,
988,2017-12-04,6775.3701,24290.0508,11603.42,2639.4399
989,2017-12-05,6762.21,24180.6406,12299.99,2629.5701
990,2017-12-06,6776.3799,24140.9102,14397.0,2629.27
991,2017-12-07,6812.8398,24211.4805,16222.0,2636.98
992,2017-12-08,6840.0801,24329.1602,15661.43,2651.5
1443,2017-12-09,,,13900.0,
1444,2017-12-10,,,16574.0,
993,2017-12-11,6875.0801,24386.0293,16765.99,2659.99
994,2017-12-12,6862.3198,24504.8008,17240.0,2664.1101
995,2017-12-13,6875.7998,24585.4297,16700.0,2662.8501
996,2017-12-14,6856.5298,24508.6602,17437.96,2652.01
997,2017-12-15,6936.5801,24651.7402,17824.99,2675.8101
1445,2017-12-16,,,19535.95,
1446,2017-12-17,,,19141.57,
998,2017-12-18,6994.7598,24792.1992,18914.37,2690.1599
999,2017-12-19,6963.8501,24754.75,16661.34,2681.47
1000,2017-12-20,6960.96,24726.6504,16870.01,2679.25
1001,2017-12-21,6965.3599,24782.2891,14307.86,2684.5701
1002,2017-12-22,6959.96,24754.0605,14318.74,2683.3401
1447,2017-12-23,,,14525.0,
1448,2017-12-24,,,14119.22,
1449,2017-12-25,,,15366.36,
1003,2017-12-26,6936.25,24746.2109,16439.99,2680.5
1004,2017-12-27,6939.3398,24774.3008,13880.0,2682.6201
1005,2017-12-28,6950.1602,24837.5098,14920.0,2687.54
1006,2017-12-29,6903.3901,24719.2207,14007.99,2673.6101
1450,2017-12-30,,,12917.62,
1451,2017-12-31,,,13508.01,
1452,2018-01-01,,,13194.02,
1007,2018-01-02,7006.8999,24824.0098,15098.88,2695.8101
1008,2018-01-03,7065.5298,24922.6797,14971.23,2713.0601
1009,2018-01-04,7077.9102,25075.1309,15038.0,2723.99
1010,2018-01-05,7136.5601,25295.8691,16594.08,2743.1499
1453,2018-01-06,,,16610.02,
1454,2018-01-07,,,15862.9,
1011,2018-01-08,7157.3901,25283.0,15085.49,2747.71
1012,2018-01-09,7163.5801,25385.8008,14227.0,2751.29
1013,2018-01-10,7153.5698,25369.1309,13193.72,2748.23
1014,2018-01-11,7211.7798,25574.7305,13618.0,2767.5601
1015,2018-01-12,7261.0601,25803.1895,14210.65,2786.24
1455,2018-01-13,,,13800.0,
1456,2018-01-14,,,13600.0,
1457,2018-01-15,,,13149.9,
1016,2018-01-16,7223.6899,25792.8594,11148.07,2776.4199
1017,2018-01-17,7298.2798,26115.6504,11045.99,2802.5601
1018,2018-01-18,7296.0498,26017.8105,11399.99,2798.03
1019,2018-01-19,7336.3799,26071.7207,12580.0,2810.3
1458,2018-01-20,,,12107.99,
1459,2018-01-21,,,11455.0,
1020,2018-01-22,7408.0298,26214.5996,10413.13,2832.97
1021,2018-01-23,7460.29,26210.8105,10630.0,2839.1299
1022,2018-01-24,7415.0601,26252.1191,11487.28,2837.54
1023,2018-01-25,7411.1602,26392.7891,11287.8,2839.25
1024,2018-01-26,7505.77,26616.7109,11198.39,2872.8701
1460,2018-01-27,,,11531.01,
1461,2018-01-28,,,11240.01,
1025,2018-01-29,7466.5098,26439.4805,10940.01,2853.53
1026,2018-01-30,7402.48,26076.8906,9870.49,2822.4299
1027,2018-01-31,7411.48,26149.3906,10049.98,2823.8101
1028,2018-02-01,7385.8599,26186.7109,8527.02,2821.98
1029,2018-02-02,7240.9502,25520.9609,8420.22,2762.1299
1462,2018-02-03,,,9277.75,
1463,2018-02-04,,,8197.45,
1030,2018-02-05,6967.5298,24345.75,6389.09,2648.9399
1031,2018-02-06,7115.8799,24912.7695,7455.0,2695.1399
1032,2018-02-07,7051.98,24893.3496,7971.23,2681.6599
1033,2018-02-08,6777.1602,23860.4609,7875.01,2581.0
1034,2018-02-09,6874.4902,24190.9004,8860.07,2619.55
1464,2018-02-10,,,8112.16,
1465,2018-02-11,,,8362.7,
1035,2018-02-12,6981.96,24601.2695,8616.98,2656.0
1036,2018-02-13,7013.5098,24640.4492,8823.53,2662.9399
1037,2018-02-14,7143.6201,24893.4902,9700.0,2698.6299
1038,2018-02-15,7256.4302,25200.3691,10099.9,2731.2
1039,2018-02-16,7239.4702,25219.3809,10555.42,2732.22
1466,2018-02-17,,,10483.99,
1467,2018-02-18,,,10471.0,
1468,2018-02-19,,,11437.04,
1040,2018-02-20,7234.3101,24964.75,10824.54,2716.26
1041,2018-02-21,7218.23,24797.7793,10793.0,2701.3301
1042,2018-02-22,7210.0898,24962.4805,9828.27,2703.96
1043,2018-02-23,7337.3901,25309.9902,10445.44,2747.3
1469,2018-02-24,,,9722.0,
1470,2018-02-25,,,9624.71,
1044,2018-02-26,7421.46,25709.2695,10305.56,2779.6001
1045,2018-02-27,7330.3501,25410.0293,10940.0,2744.28
1046,2018-02-28,7273.0098,25029.1992,10390.01,2713.8301
1047,2018-03-01,7180.5601,24608.9805,10983.51,2677.6699
1048,2018-03-02,7257.8701,24538.0605,11305.04,2691.25
1471,2018-03-03,,,11199.99,
1472,2018-03-04,,,11506.0,
1049,2018-03-05,7330.71,24874.7598,11298.05,2720.9399
1050,2018-03-06,7372.0098,24884.1191,10664.99,2728.1201
1051,2018-03-07,7396.6499,24801.3594,9807.0,2726.8
1052,2018-03-08,7427.9502,24895.2109,8499.9,2738.97
1053,2018-03-09,7560.8101,25335.7402,9352.4,2786.5701
1473,2018-03-10,,,8839.96,
1474,2018-03-11,,,9550.01,
1054,2018-03-12,7588.3198,25178.6094,9381.33,2783.02
1055,2018-03-13,7511.0098,25007.0293,9092.01,2765.3101
1056,2018-03-14,7496.8101,24758.1191,7917.0,2749.48
1057,2018-03-15,7481.7402,24873.6602,8195.0,2747.3301
1058,2018-03-16,7481.9902,24946.5098,8210.06,2752.01
1475,2018-03-17,,,7588.0,
1476,2018-03-18,,,8184.99,
1059,2018-03-19,7344.2402,24610.9102,8457.99,2712.9199
1060,2018-03-20,7364.2998,24727.2695,9060.9,2716.9399
1061,2018-03-21,7345.29,24682.3105,9019.54,2711.9299
1062,2018-03-22,7166.6802,23957.8906,8412.06,2643.6899
1063,2018-03-23,6992.6699,23533.1992,8940.38,2588.26
1477,2018-03-24,,,8524.05,
1478,2018-03-25,,,8438.92,
1064,2018-03-26,7220.54,24202.5996,8140.0,2658.55
1065,2018-03-27,7008.8101,23857.7109,,2612.6201
1066,2018-03-28,6949.23,23848.4199,,2605.0
1067,2018-03-29,7063.4502,24103.1094,,2640.8701
1068,2018-04-02,6870.1201,23644.1895,,2581.8799
1069,2018-04-03,6941.2798,24033.3594,,2614.45
1070,2018-04-04,7042.1099,24264.3008,,2644.6899
1071,2018-04-05,7076.5498,24505.2207,,2662.8401
1072,2018-04-06,6915.1099,23932.7598,,2604.47
1073,2018-04-09,6950.3398,23979.0996,,2613.1599
1074,2018-04-10,7094.2998,24408.0,,2656.8701
1075,2018-04-11,7069.0298,24189.4492,,2642.1899
1076,2018-04-12,7140.25,24483.0508,,2663.99
1077,2018-04-13,7106.6499,24360.1406,,2656.3
1078,2018-04-16,7156.2798,24573.0391,,2677.8401
1079,2018-04-17,7281.1001,24786.6309,,2706.3899
1080,2018-04-18,7295.2402,24748.0703,,2708.6399
1081,2018-04-19,7238.0601,24664.8906,,2693.1299
1082,2018-04-20,7146.1299,24462.9395,,2670.1399
1083,2018-04-23,7128.6001,24448.6895,,2670.29
1084,2018-04-24,7007.3501,24024.1309,,2634.5601
1085,2018-04-25,7003.7402,24083.8301,,2639.3999
1086,2018-04-26,7118.6802,24322.3398,,2666.9399
1087,2018-04-27,7119.7998,24311.1895,,2669.9099
1088,2018-04-30,7066.27,24163.1504,,2648.05
1089,2018-05-01,7130.7002,24099.0508,,2654.8
1090,2018-05-02,7100.8999,23924.9805,,2635.6699
1091,2018-05-03,7088.1499,23930.1504,,2629.73
1092,2018-05-04,7209.6201,24262.5098,,2663.4199
1093,2018-05-07,7265.21,24357.3203,,2672.6299
1094,2018-05-08,7266.8999,24360.2109,,2671.9199
1095,2018-05-09,7339.9102,24542.5391,,2697.79
1096,2018-05-10,7404.9702,24739.5293,,2723.0701
1097,2018-05-11,7402.8799,24831.1699,,2727.72
1098,2018-05-14,7411.3198,24899.4102,,2730.1299
1099,2018-05-15,7351.6299,24706.4102,,2711.45
1100,2018-05-16,7398.2998,24768.9297,,2722.46
1101,2018-05-17,7382.4702,24713.9805,,2720.1299
1102,2018-05-18,7354.3398,24715.0898,,2712.97
1103,2018-05-21,7394.04,25013.2891,,2733.01
1104,2018-05-22,7378.46,24834.4102,,2724.4399
1105,2018-05-23,7425.96,24886.8105,,2733.29
1106,2018-05-24,7424.4302,24811.7598,,2727.76
1107,2018-05-25,7433.8501,24753.0898,,2721.3301
1108,2018-05-29,7396.5898,24361.4492,,2689.8601
1109,2018-05-30,7462.4502,24667.7793,,2724.01
1110,2018-05-31,7442.1201,24415.8398,,
1111,2018-06-01,7554.3301,24635.2109,,
1112,2018-06-04,7606.46,24813.6895,,2746.8701
1113,2018-06-05,7637.8599,24799.9805,,
1114,2018-06-06,7689.2402,25146.3906,,
