Date,Open,High,Low,Close,Volume_(BTC),Volume_(Currency),Weighted_Price
2014-11-30,300.0,300.0,300.0,300.0,0.01,3.0,300.0
2014-12-01,377.0,377.0,377.0,377.0,0.01,3.77,377.0
2014-12-02,378.0,378.0,378.0,378.0,0.0660842,24.9798276,378.0
2014-12-03,377.1,377.1,377.1,377.1,0.01,3.7710000000000004,377.1
2014-12-05,378.0,378.0,378.0,378.0,0.015,5.67,378.0
2014-12-08,375.01,375.01,375.0,375.0,0.235,88.1251,375.00042553
2014-12-09,360.5,360.5,360.5,360.5,0.01,3.605,360.5
2014-12-11,350.0,350.0,350.0,350.0,2.0,700.0,350.0
2014-12-18,345.0,345.0,340.0,340.0,2.0,685.0,342.5
2015-01-07,274.32,285.17,274.32,275.44,0.03,8.3493,278.31
2015-01-08,276.62,293.86,276.62,288.99,0.04,11.3711,284.2775
2015-01-12,260.0,260.0,260.0,260.0,1.0,260.0,260.0
2015-01-13,219.63,219.63,219.63,219.63,0.01,2.1963,219.63
2015-01-14,150.0,150.0,150.0,150.0,0.0262,3.93,150.0
2015-01-15,189.0,189.0,189.0,189.0,0.01,1.89,189.0
2015-01-16,210.0,210.0,210.0,210.0,0.023,4.83,210.0
2015-01-17,186.0,186.0,184.0,184.0,0.021,3.8939999999999997,185.42857143
2015-01-18,225.51,225.51,225.51,225.51,0.01,2.2551,225.51
2015-01-19,225.51,225.51,225.51,225.51,0.01,2.2551,225.51
2015-01-20,224.0,224.0,224.0,224.0,0.004,0.8959999999999999,224.0
2015-01-21,252.41,254.45,246.62,246.62,0.03,7.5348,251.16
2015-01-22,226.32,226.32,226.32,226.32,0.01,2.2632,226.32
2015-01-23,216.0,216.0,216.0,216.0,0.01,2.16,216.0
2015-01-24,250.91,250.91,250.91,250.91,0.1,25.090999999999998,250.91
2015-01-25,283.28,283.28,283.28,283.28,3.5,991.48,283.28
2015-01-26,258.71,258.73,258.7,258.73,1.51035,390.7412355,258.70906446
2015-01-27,257.89,257.89,257.89,257.89,0.026139999999999997,6.7412446,257.89
2015-01-28,233.11,233.11,232.74,232.74,2.1,488.80806873,232.76574702
2015-01-29,242.99,243.0,242.78,242.78,8.1023,1967.3892210000001,242.81860965
2015-01-30,227.98,228.5,227.98,228.5,16.83,3840.8954259999996,228.21719703
2015-01-31,218.15,218.15,218.09,218.15,4.5,981.6739,218.14975556
2015-02-01,227.06,227.06,227.06,227.06,1.6159999999999999,366.92896,227.06
2015-02-02,239.32,239.32,239.3,239.3,0.13774,32.9616694,239.30353855
2015-02-03,226.48,226.51,226.48,226.51,0.025,5.66242,226.4968
2015-02-04,224.23,224.7,224.23,224.66,0.9109999999999999,204.651681,224.6450944
2015-02-05,219.23,219.23,218.1,218.1,1.2187,266.87428,218.98275211
2015-02-06,224.53,225.43,224.42,224.42,8.6999582,1957.9816638,225.05644496
2015-02-07,226.11,226.11,226.11,226.11,0.0358164,8.098446204,226.11
2015-02-08,222.69,222.75,222.35,222.35,6.531924299999999,1453.7259042,222.55706548
2015-02-09,218.52,218.54,218.52,218.54,1.88,410.82322116,218.52298998
2015-02-10,221.06,221.31,221.0,221.0,0.52,115.0242,221.20038462
2015-02-11,219.0,219.03,218.73,218.73,22.641741800000002,4958.1321192000005,218.98192122
2015-02-12,225.95,226.02,225.94,226.02,6.46560278,1461.1567558,225.98925506
2015-02-13,244.91,244.94,244.79,244.94,8.492002000000001,2079.2613149,244.84936707
2015-02-14,256.18,256.46,256.18,256.46,6.9794,1789.4574989999999,256.39130857
2015-02-15,232.73,232.97,232.73,232.97,1.98,461.11464400000006,232.88618384
2015-02-16,235.99,235.99,235.95,235.98,1.27769,301.4933251,235.96750785
2015-02-17,244.96,245.0,244.91,245.0,5.7354,1404.850904,244.94384071
2015-02-18,237.81,237.81,237.78,237.78,0.07,16.6449,237.78428571
2015-02-19,245.34,245.34,245.34,245.34,0.15796292,38.754622793,245.34
2015-02-20,246.31,246.38,245.84,245.84,1.68,413.5043,246.1335119
2015-02-21,246.31,246.31,246.31,246.31,0.01,2.4631,246.31
2015-02-22,237.65,237.65,237.65,237.65,1.3,308.945,237.65
2015-02-23,239.14,239.19,239.14,239.19,1.14,272.64848,239.16533333
2015-02-24,239.48,239.64,239.46,239.46,2.1928,525.13175156,239.48000345
2015-02-25,237.51,237.51,237.5,237.5,0.2558,60.7535,237.50390930000003
2015-02-26,252.6,252.6,252.59,252.59,1.16,293.0054,252.59086207
2015-02-27,253.68,253.73,253.5,253.73,1.29,327.14728914,253.60254972
2015-02-28,254.9,254.9,254.75,254.79,5.0447,1285.1487375,254.75226228
2015-03-01,260.99,261.05,260.99,261.04,8.15,2127.40225,261.03095092
2015-03-02,276.57,276.77,276.56,276.56,12.29079908,3400.2366950000005,276.64895284
2015-03-03,280.47,280.92,280.27,280.92,3.13881172,881.04792348,280.69473485
2015-03-04,270.64,271.09,270.1,270.4,19.3965,5241.2453717,270.21603752
2015-03-05,275.08,275.11,275.08,275.11,0.24,66.021902,275.09125833
2015-03-06,272.65,272.8,272.65,272.8,0.8,218.18021000000002,272.7252625
2015-03-07,277.85,277.85,277.72,277.72,3.57,991.5285,277.73907563
2015-03-08,278.14,278.41,278.13,278.41,14.24,3962.5262299999995,278.26729143
2015-03-09,296.14,296.15,296.13,296.15,4.89382605,1449.2327682,296.1349164
2015-03-10,293.0,293.0,292.73,292.73,0.2775,81.304125,292.98783784
2015-03-11,294.31,294.33,294.21,294.21,1.27,373.70716,294.2576063
2015-03-12,294.19,294.25,294.13,294.13,3.08,906.1117393,294.19212315
2015-03-13,285.31,285.31,285.2,285.21,1.28,365.08407,285.22192969
2015-03-14,284.84,284.84,284.74,284.74,1.4,398.702025,284.78716071
2015-03-15,293.39,293.39,293.18,293.39,1.32,387.069,293.23409091
2015-03-16,292.69,292.71,292.69,292.71,13.71,4012.9242473000004,292.70052862
2015-03-17,285.39,285.42,285.33,285.33,1.21,345.31375705,285.38327029
2015-03-18,256.57,256.75,256.12,256.16,11.0695,2838.831341,256.45524558
2015-03-19,264.45,264.51,264.3,264.31,2.38,629.3422780000001,264.42952857
2015-03-20,262.93,262.93,262.93,262.93,0.2,52.586000000000006,262.93
2015-03-21,261.49,261.5,261.49,261.5,0.24,62.7598,261.49916667
2015-03-22,269.2,269.3,269.2,269.3,0.58,156.14600000000002,269.21724138
2015-03-23,267.24,267.26,267.24,267.26,0.19,50.776918356,267.24693871
2015-03-24,247.96,248.46,247.96,248.46,3.98,988.54802681,248.37890121
2015-03-25,245.56,245.74,245.55,245.74,0.36,88.424266,245.62296111
2015-03-26,248.85,248.85,248.85,248.85,0.4125,102.650625,248.85
2015-03-27,251.98,251.99,251.85,251.98,36.255967,9134.4949641,251.94459616
2015-03-28,248.77,249.1,248.77,248.86,6.07,1511.5285471,249.01623511
2015-03-29,246.36,246.36,246.36,246.36,0.2625,64.6695,246.36
2015-03-30,248.32,248.35,248.3,248.35,9.0123,2237.8304086999997,248.30846828
2015-03-31,244.68,245.05,244.56,245.05,8.2621,2023.1341482,244.86924004
2015-04-01,248.05,248.07,247.87,247.87,18.4963,4585.9441802,247.93846230000003
2015-04-02,252.77,252.84,252.77,252.84,4.1477,1048.645152,252.82569906
2015-04-03,254.61,254.84,254.61,254.84,0.3835,97.7170218,254.80318592
2015-04-04,252.58,252.58,252.58,252.58,0.1468,37.078744,252.58
2015-04-05,261.1,261.1,261.03,261.1,0.6804,177.62458,261.0590535
2015-04-06,255.85,255.86,255.03,255.03,3.9401,1007.1625344,255.61852094
2015-04-07,253.99,253.99,253.99,253.99,0.24,60.9576,253.99
2015-04-08,245.71,246.48,245.7,246.44,25.2215,6212.080559100001,246.30099554
2015-04-09,242.95,243.01,242.95,243.0,3.2832,797.7988475999999,242.99428838
2015-04-10,237.42,237.42,237.42,237.42,1.3065,310.18923,237.42
2015-04-11,237.8,237.8,237.8,237.8,0.0631,15.00518,237.8
2015-04-12,237.47,237.52,237.47,237.52,2.8569,678.478388,237.48762225
2015-04-13,224.2,224.2,223.85,223.85,2.9375,657.70583849,223.89985991
2015-04-14,222.87,222.9,222.87,222.9,3.3989999999999996,757.6063063999999,222.89094039
2015-04-15,226.98,226.98,226.79,226.96,0.4709,106.863097,226.93373752
2015-04-16,229.21,229.23,229.21,229.21,1.0178,233.291969,229.21199548
2015-04-17,223.92,223.92,223.83,223.92,5.4642,1223.541675,223.91963599
2015-04-18,224.28,224.28,224.28,224.28,3.0405,681.92334,224.28
2015-04-19,224.72,224.75,224.72,224.75,1.5819,355.52687099999997,224.74674189
2015-04-20,226.25,226.25,226.13,226.13,4.0325,912.12293601,226.19291656
2015-04-21,235.32,235.33,235.16,235.16,1.814,426.80249299999997,235.28252095
2015-04-22,233.1,233.14,233.02,233.02,3.6466,850.075128,233.11444304
2015-04-23,233.93,233.93,233.6,233.89,21.7842,5089.653600199999,233.63968382
2015-04-24,230.39,230.39,230.39,230.39,1.0043,231.380677,230.39
2015-04-25,220.58,220.58,220.58,220.58,0.39450009999999996,87.01883205799999,220.58
2015-04-26,220.28,220.28,220.14,220.14,16.68356248,3674.1562366999997,220.22612024
2015-04-27,225.61,225.71,225.61,225.71,2.861,645.62399315,225.66375154
2015-04-28,225.54,225.54,225.43,225.43,1.9906,448.79069949,225.45498819
2015-04-29,226.49,226.49,226.46,226.46,7.4148,1679.273309,226.47587379
2015-04-30,236.64,236.64,236.52,236.52,0.452,106.91707199999999,236.54219469
2015-05-01,235.94,235.95,235.89,235.89,1.6017,377.894743,235.93353499
2015-05-02,236.65,236.65,236.63,236.63,1.5941,377.2326406,236.64302152
2015-05-03,241.79,241.9,241.79,241.89,12.3015,2975.0590399999996,241.84522538
2015-05-04,236.61,236.62,236.3,236.3,10.8431,2563.0680324,236.37779163
2015-05-05,236.31,236.31,236.19,236.19,1.9090200000000002,450.94359464,236.21732336
2015-05-06,230.39,230.39,230.36,230.36,0.2965,68.307687034,230.38005745
2015-05-07,237.42,237.42,237.4,237.4,0.2421,57.478719999999996,237.41726559
2015-05-08,246.35,246.36,246.27,246.27,1.34139735,330.37985498,246.29529422
2015-05-09,242.55,242.55,242.41,242.41,2.0,484.91219871,242.45609936
2015-05-10,241.07,241.11,241.06,241.11,1.1379,274.313124,241.06962299
2015-05-11,240.97,241.04,240.91,241.04,1.157598,278.95481865,240.97728109999997
2015-05-12,242.77,242.87,242.76,242.87,1.2743,309.47933579,242.86222694
2015-05-13,237.2,237.2,237.2,237.2,0.1666,39.517520000000005,237.2
2015-05-14,237.92,237.99,237.92,237.99,50.0,11898.712977,237.97425954
2015-05-15,237.43,237.43,237.43,237.43,0.08195884,19.459487381,237.43
2015-05-16,237.39,237.44,237.39,237.44,3.2127,762.81763541,237.43817830000003
2015-05-17,236.89,236.89,236.87,236.89,0.0671,15.895167,236.88773472
2015-05-18,234.29,234.3,234.2,234.22,50.2736,11775.607926,234.23044950000002
2015-05-19,233.03,233.09,233.03,233.09,0.3844,89.59400947200001,233.0749466
2015-05-20,234.6,234.6,234.59,234.59,5.8497,1372.330753,234.59848419999997
2015-05-21,236.93,236.96,236.85,236.86,12.9219,3060.6375054,236.85661593
2015-05-22,240.19,240.21,240.19,240.21,1.0111,242.87549565,240.20917382
2015-05-23,239.41,239.41,239.38,239.38,0.2086,49.935915278,239.38597928
2015-05-24,240.88,240.91,240.88,240.91,2.3409999999999997,563.94924047,240.90099978
2015-05-25,237.15,237.17,237.15,237.17,0.1926,45.678542,237.16792316
2015-05-26,238.18,238.19,238.12,238.19,17.5462,4178.331473300001,238.13312702
2015-05-27,237.89,237.95,237.86,237.95,2.3748,564.92694368,237.88400863
2015-05-28,237.65,237.66,237.65,237.66,0.4933,117.237578,237.65979728
2015-05-29,235.93,235.93,235.93,235.93,0.8390000000000001,197.94527,235.93
2015-05-30,233.64,233.67,233.64,233.67,3.3096,773.26891255,233.64422061
2015-05-31,230.97,230.97,230.97,230.97,0.0556,12.841932,230.97
2015-06-01,222.34,222.36,222.34,222.36,0.9639,214.332404,222.35958502
2015-06-02,226.46,226.47,226.45,226.47,4.2708,967.18342668,226.46422841
2015-06-03,224.73,224.73,224.73,224.73,0.5525,124.163325,224.73
2015-06-04,223.85,223.95,223.85,223.85,4.86059651,1088.3292484,223.90857709
2015-06-05,224.73,224.76,224.73,224.76,1.2209,274.409184,224.75975428
2015-06-06,225.55,225.55,225.5,225.5,1.41102434,318.25385989,225.54810067
2015-06-07,224.23,224.25,224.21,224.21,1.2281,275.38104233,224.23340308
2015-06-08,228.63,228.66,228.61,228.66,0.7098,162.28287309,228.63183022
2015-06-09,229.1,229.1,229.1,229.1,0.10300000000000001,23.5973,229.1
2015-06-10,229.97,229.97,229.96,229.96,0.8754,201.315588,229.96982865
2015-06-11,229.44,229.46,229.4,229.4,0.3488,80.02170438600001,229.42002404
2015-06-12,230.12,230.13,230.12,230.13,3.6238,833.92469095,230.12436971
2015-06-13,233.42,233.52,233.41,233.42,0.4854,113.34469945,233.50782745
2015-06-14,235.33,235.48,235.33,235.48,4.0,941.56064424,235.39016106
2015-06-15,237.0,237.0,237.0,237.0,0.3754,88.9698,237.0
2015-06-16,250.49,250.49,249.4,249.93,16.10550538,4022.0133284000003,249.72909781
2015-06-17,245.9,245.9,245.84,245.84,0.4533,111.463476,245.8933951
2015-06-18,250.46,250.47,250.45,250.47,1.25887334,315.30435875,250.46551447
2015-06-19,242.78,242.78,242.63,242.63,2.3967,581.68085843,242.70073786
2015-06-20,244.17,244.34,244.17,244.34,20.5069,5007.8870773,244.20497868
2015-06-21,245.37,245.54,245.37,245.54,40.6775,9983.4912804,245.4303062
2015-06-22,247.93,247.94,247.78,247.78,3.6872,913.723716,247.80964309
2015-06-23,242.41,242.41,242.41,242.41,1.7772,430.81105199999996,242.41
2015-06-24,241.31,241.31,241.3,241.3,1.5326,369.831542,241.30989299
2015-06-25,242.1,242.1,242.08,242.08,1.9513,472.409322,242.09979091
2015-06-26,243.05,243.05,242.85,242.85,13.9514,3388.2779043000005,242.86293163
2015-06-27,250.51,250.51,250.51,250.51,0.0796,19.940596,250.51
2015-06-28,252.13,252.13,252.13,252.13,0.1964,49.518332,252.13
2015-06-29,262.79,262.79,262.78,262.78,4.9508,1300.973837,262.78052779
2015-06-30,260.28,260.28,260.14,260.25,3.877,1008.8405537999998,260.21164659
2015-07-01,259.83,260.02,259.83,260.02,1.5437,401.388865,260.01740299
2015-07-02,255.74,255.74,255.73,255.73,0.8722,223.05022799999998,255.73289154
2015-07-03,256.19,256.19,256.1,256.1,2.07709932,532.00611369,256.12935721
2015-07-04,262.6,262.6,262.6,262.6,0.9396,246.73896000000002,262.6
2015-07-05,269.03,269.13,269.03,269.13,2.5726,692.351838,269.12533546
2015-07-06,270.5,270.52,270.5,270.5,13.154684,3558.3805761,270.50293083
2015-07-07,266.11,266.11,265.87,265.87,0.5631,149.75253647,265.94305890000004
2015-07-08,269.79,269.86,269.6,269.6,1.2462,336.25077799999997,269.82087787
2015-07-09,270.98,270.98,270.98,270.98,2.0006,542.122588,270.98
2015-07-10,288.99,289.66,288.98,289.66,15.3364,4435.1573282,289.19155266
2015-07-11,301.64,301.64,301.63,301.63,43.90557783,13243.239641,301.63000456
2015-07-12,307.33,307.33,307.32,307.32,3.3756,1037.421209,307.32942558
2015-07-13,291.45,291.45,291.28,291.29,5.067,1475.933483,291.28349773
2015-07-14,287.96,287.96,287.95,287.95,0.2017,58.08071700000001,287.95595935
2015-07-15,289.12,289.12,289.04,289.04,0.7007,202.56629341,289.09132783
2015-07-16,279.29,279.42,279.27,279.42,10.5458,2945.6158715,279.31649297
2015-07-17,279.86,279.94,279.76,279.76,7.8858,2207.1882549,279.89401898
2015-07-18,278.43,278.44,278.41,278.44,10.5288,2931.426236,278.41978535
2015-07-19,276.72,276.72,276.72,276.72,0.7846,217.11451200000002,276.72
2015-07-20,280.99,281.12,280.99,280.99,22.3548,6281.718066699999,281.00086186
2015-07-21,276.4,276.4,276.4,276.4,2.3505,649.6782,276.4
2015-07-22,278.6,278.6,278.31,278.31,6.6429,1849.167296,278.36747444
2015-07-23,277.52,277.52,277.52,277.52,0.1503,41.711256,277.52
2015-07-24,289.99,289.99,289.99,289.99,4.9841,1445.3391589999999,289.99
2015-07-25,289.05,289.05,289.05,289.05,1.8472,533.9331599999999,289.05
2015-07-26,292.96,292.96,292.9,292.96,0.9644,282.51009139999996,292.93870945
2015-07-27,296.5,296.99,296.5,296.99,25.0,7422.6270132,296.90508053
2015-07-28,294.86,294.86,294.48,294.48,1.6302,480.42484646,294.70300973
2015-07-29,290.11,290.12,290.11,290.12,6.0988,1769.3833559999998,290.11991802
2015-07-30,288.05,288.05,288.05,288.05,1.7211,495.762855,288.05
2015-07-31,283.53,283.6,283.49,283.6,17.4921,4959.4197460000005,283.52340462
2015-08-01,278.27,278.65,278.24,278.65,0.3612,100.518301,278.28986988
2015-08-02,280.86,281.0,280.85,281.0,34.9023,9805.094144,280.92974228
2015-08-03,283.81,283.81,283.77,283.77,0.3317,94.134293,283.79346699
2015-08-04,285.02,285.02,285.01,285.01,1.85066731,527.4618477,285.01170623
2015-08-05,281.83,281.83,281.82,281.83,2.5928,730.7182240000001,281.82591176
2015-08-06,278.09,278.09,277.98,278.09,4.2628,1185.103932,278.01068124
2015-08-07,278.8,278.8,278.77,278.77,7.98935033,2227.2472675,278.77701884
2015-08-08,262.01,262.02,262.01,262.02,1.8672,489.243644,262.01994644
2015-08-09,267.07,267.07,267.07,267.07,3.2019,855.131433,267.07
2015-08-10,267.35,267.35,267.22,267.25,4.5104,1205.51119,267.27367639
2015-08-11,270.89,270.95,270.89,270.95,5.1428,1393.26462,270.91557517
2015-08-12,265.43,265.43,265.43,265.43,0.1158,30.736794,265.43
2015-08-13,264.04,264.04,264.04,264.04,1.0873,287.090692,264.04
2015-08-14,266.86,266.86,266.77,266.77,5.7991,1547.3783543,266.83077621
2015-08-15,261.73,261.79,261.68,261.68,0.6017,157.47549211,261.71762026
2015-08-16,260.49,260.51,260.48,260.51,4.3648,1136.9843511,260.48944994
2015-08-17,255.46,255.46,255.45,255.45,0.3884,99.22016474600001,255.45871459
2015-08-18,233.1,233.68,233.1,233.28,47.007397,10972.11183,233.41245273
2015-08-19,233.53,233.54,233.53,233.54,0.73352262,171.30192167,233.53325038
2015-08-20,235.16,235.27,234.88,235.27,50.9562,11976.021994,235.02580636
2015-08-21,234.0,234.0,234.0,234.0,1.08872986,254.76278724,234.0
2015-08-22,232.58,232.99,232.58,232.99,2.15643707,501.75156511,232.67619171
2015-08-23,227.72,227.83,227.72,227.83,1.8557,422.73336100000006,227.80264105
2015-08-24,208.56,208.56,208.25,208.54,25.8772,5389.9794507,208.29067483
2015-08-25,222.62,222.66,222.62,222.66,2.4233,539.569578,222.65900961
2015-08-26,224.3,224.31,224.3,224.31,0.5268,118.162056,224.30154897
2015-08-27,223.47,223.54,223.47,223.53,5.3020000000000005,1185.196619,223.53764975
2015-08-28,232.15,232.15,231.89,231.89,7.4788,1734.4545231,231.91615274
2015-08-29,230.42,230.47,230.33,230.47,13.4455,3097.235859,230.35482942
2015-08-30,228.31,228.36,228.15,228.15,3.8486,878.778952,228.33730499
2015-08-31,229.01,229.01,229.01,229.01,1.0188,233.31538799999998,229.01
2015-09-01,226.55,226.66,226.55,226.62,2.5743,583.306494,226.58839063
2015-09-02,229.25,229.53,229.25,229.53,4.1424,950.47915382,229.45132141
2015-09-03,228.32,228.32,228.32,228.32,0.1762,40.229984,228.32
2015-09-04,230.86,230.86,230.86,230.86,0.5057,116.745902,230.86
2015-09-05,241.42,241.42,241.22,241.42,58.59058,14141.574136000001,241.36258996
2015-09-06,239.81,239.97,239.81,239.97,2.4746,593.769426,239.94561788
2015-09-07,242.55,242.74,242.55,242.64,6.3818,1548.443161,242.63423501
2015-09-08,244.49,244.52,244.49,244.52,0.3709,90.68486800000001,244.49950930000003
2015-09-09,238.0,238.04,238.0,238.04,4.1488,987.440352,238.00625530000002
2015-09-10,240.97,240.98,240.95,240.98,1.868,450.15020899999996,240.97976927
2015-09-11,240.31,240.34,240.26,240.26,1.3409,322.242082,240.31775822
2015-09-12,236.16,236.16,236.16,236.16,0.41,96.8256,236.16
2015-09-13,229.9,229.9,229.88,229.88,0.3511,80.715232,229.89242951
2015-09-14,231.81,231.81,231.8,231.8,0.3098,71.81414000000001,231.80806972
2015-09-15,231.56,231.57,231.56,231.57,5.6226,1302.016182,231.56834596
2015-09-16,230.28,230.28,230.28,230.28,4.2958,989.2368240000001,230.28
2015-09-17,233.73,233.78,233.73,233.78,10.66805102,2493.7655845,233.76018542
2015-09-18,233.23,233.26,233.14,233.26,1.321,308.06708,233.20747918
2015-09-19,232.44,232.44,232.44,232.44,0.0652,15.155088000000001,232.44
2015-09-20,228.64,228.66,228.64,228.66,1.2122,277.176652,228.65587527
2015-09-21,227.13,227.17,227.13,227.17,5.44504516,1236.8106432,227.14423973
2015-09-22,231.6,231.61,231.6,231.61,2.7374,634.005183,231.60852743
2015-09-23,231.42,231.43,231.42,231.42,13.1604,3045.599768,231.42151971
2015-09-24,234.87,234.87,234.87,234.87,4.1064,964.470168,234.87
2015-09-25,234.56,234.56,234.56,234.56,2.0015,469.47184000000004,234.56
2015-09-26,234.7,234.71,234.7,234.71,1.8957,444.93909627,234.70965673
2015-09-27,237.86,237.98,237.86,237.98,3.0478,725.314244,237.97960627
2015-09-28,240.54,240.55,240.53,240.54,0.9506,228.65232999999998,240.53474648
2015-09-29,238.22,238.26,238.22,238.26,0.1457,34.713882,238.25588195
2015-09-30,237.95,238.26,237.95,238.26,40.8113,9718.381224200002,238.12966566
2015-10-01,238.89,238.92,238.89,238.9,1.002,239.39212999999998,238.9143014
2015-10-02,238.71,238.71,238.71,238.71,0.2477,59.12846700000001,238.71
2015-10-03,240.24,240.24,240.24,240.24,1.0324,248.02377599999997,240.24
2015-10-04,239.92,239.92,239.92,239.92,0.0206,4.942352,239.92
2015-10-05,241.51,241.51,241.46,241.46,4.63,1117.9799474000001,241.46435149
2015-10-06,247.07,247.07,247.07,247.07,0.4443,109.773201,247.07
2015-10-07,245.19,245.19,245.13,245.13,2.605,638.6992700000001,245.18206142
2015-10-08,244.06,244.06,244.05,244.05,1.0634,259.52682400000003,244.0538123
2015-10-09,245.18,245.21,245.16,245.21,3.1306,767.635213,245.20386284
2015-10-10,245.87,245.87,245.86,245.86,0.5569,136.919903,245.86084216
2015-10-11,248.21,248.21,248.21,248.21,0.866,214.94986,248.21
2015-10-12,245.64,245.7,245.64,245.7,0.5887,144.621196,245.66196025
2015-10-13,250.76,250.76,250.76,250.76,0.0291,7.297116,250.76
2015-10-14,255.86,255.86,255.86,255.86,3.923,1003.73878,255.86
2015-10-15,256.05,256.05,256.05,256.05,0.0105,2.688525,256.05
2015-10-16,269.63,269.63,269.63,269.63,0.0383,10.326829,269.63
2015-10-17,270.58,270.58,270.46,270.46,2.29424858,620.64153064,270.52061231
2015-10-18,266.15,266.15,266.15,266.15,0.1214,32.31061,266.15
2015-10-19,264.58,264.64,264.58,264.64,5.0,1323.1981,264.63962000000004
2015-10-20,271.45,271.45,271.4,271.41,0.00209725,0.5692454728,271.42470988
2015-10-21,269.1,269.1,269.04,269.04,1.9586,527.000532,269.07001532
2015-10-22,276.68,276.68,276.68,276.68,3.2421,897.0242279999999,276.68
2015-10-23,281.91,281.91,281.81,281.9,9.0175,2541.8582149999997,281.88058941
2015-10-24,289.32,289.32,289.32,289.32,0.2296,66.427872,289.32
2015-10-25,282.3,282.3,282.3,282.3,0.1566,44.20818,282.3
2015-10-26,288.74,288.74,288.74,288.74,2.3709,684.573666,288.74
2015-10-27,302.38,302.51,302.38,302.51,2.13530708,645.77341612,302.42648571
2015-10-28,306.77,306.88,306.77,306.78,1.1099,340.521975,306.80419407
2015-10-29,334.94,335.05,328.91,334.91,24.03635184,7990.563013,332.43659713
2015-10-30,326.93,326.98,326.87,326.87,12.5317,4097.3500030000005,326.95883264
2015-10-31,317.92,317.93,317.92,317.93,0.7519,239.05044524,317.92850810000004
2015-11-01,332.04,332.04,331.96,331.96,0.1025,34.0282,331.98243902
2015-11-02,375.87,375.87,372.15,373.51,100.49620043,37655.94914,374.70022726
2015-11-03,440.5,440.91,440.5,440.9,7.243422099999999,3193.3714403999998,440.86502157
2015-11-04,386.17,388.06,386.17,388.05,68.39807365,26520.480593,387.7372443
2015-11-05,358.76,359.0,358.45,359.0,4.11243048,1475.4326982999999,358.77389429
2015-11-06,382.97,383.2,382.97,383.16,0.7491,286.9936465,383.11793686
2015-11-07,387.61,387.8,387.51,387.51,2.65562972,1029.7177585000002,387.74899632
2015-11-08,367.62,367.62,366.02,366.02,2.5971,953.19808659,367.02402164
2015-11-09,379.66,379.66,379.58,379.58,18.59444322,7058.0956544,379.58090871
2015-11-10,310.02,310.81,310.02,310.81,12.0537,3738.0625083000004,310.11743351
2015-11-11,328.5,328.51,328.15,328.4,8.89088987,2920.362269,328.46681397
2015-11-12,339.36,339.5,339.36,339.5,1.32142,448.58619000000004,339.47283226
2015-11-13,337.92,338.0,337.92,338.0,0.6589,222.6682,337.93929276
2015-11-14,333.2,333.8,333.2,333.8,2.56,853.92769,333.56550391
2015-11-15,322.67,322.68,322.33,322.33,1.3547,436.88963600000005,322.49917768
2015-11-16,335.61,335.61,335.6,335.6,1.0396,348.900056,335.60990381
2015-11-17,330.66,330.66,330.65,330.65,1.2304,406.84176,330.65812744
2015-11-18,334.31,334.31,334.31,334.31,0.3737,124.931647,334.31
2015-11-19,316.68,316.73,316.68,316.73,0.612,193.831625,316.7183415
2015-11-20,324.99,324.99,324.98,324.99,61.80745094,20086.738784,324.98895325
2015-11-21,325.89,325.89,325.88,325.88,0.8778,286.066142,325.88988608
2015-11-22,322.78,322.78,322.78,322.78,0.0193,6.229654,322.78
2015-11-23,321.82,321.82,321.73,321.75,1.9166,616.670619,321.75238391
2015-11-24,318.66,318.85,318.66,318.85,0.4765,151.903492,318.79011962
2015-11-25,332.29,332.29,332.29,332.29,0.0104,3.4558160000000004,332.29
2015-11-26,352.37,352.4,352.37,352.4,7.352,2590.81522,352.39597661
2015-11-27,358.98,358.98,358.97,358.97,0.6369,228.634102,358.97959177
2015-11-28,355.42,355.42,355.42,355.42,0.5993,213.003206,355.42
2015-11-29,377.25,377.25,377.25,377.25,6.97035933,2629.5680571999997,377.25
2015-11-30,378.16,378.16,378.0,378.01,16.4805,6231.413611999999,378.10828628
2015-12-01,354.47,354.48,354.47,354.48,0.6103,216.33755467,354.47739582
2015-12-02,368.63,368.63,368.58,368.58,0.42520362,156.72832526,368.59593354
2015-12-03,359.54,359.54,359.34,359.34,1.2841,461.54609400000004,359.43158165
2015-12-04,371.24,371.24,371.23,371.23,2.5699,954.041335,371.23675435
2015-12-05,398.25,398.25,397.97,398.0,7.40683288,2949.1333251999995,398.16388097
2015-12-06,387.39,387.39,387.39,387.39,1.24,480.3636,387.39
2015-12-07,392.77,393.71,392.77,393.71,11.449044,4500.695203,393.10663869
2015-12-08,417.76,417.76,417.75,417.76,0.8526898999999999,356.21961762,417.75986513
2015-12-09,411.58,411.83,411.58,411.83,0.3536,145.578856,411.70490950000004
2015-12-10,422.08,422.33,422.08,422.33,1.3183,556.717814,422.29979064
2015-12-11,413.16,413.74,412.25,412.25,48.458008500000005,20019.004953,413.12067030000003
2015-12-12,434.5,434.5,434.41,434.41,0.3589,155.924095,434.44997214
2015-12-13,437.9,437.9,437.9,437.9,0.2278,99.75362,437.9
2015-12-14,455.0,455.05,455.0,455.02,7.9171,3602.4868685,455.02606617
2015-12-15,452.94,452.94,452.85,452.85,8.1119,3674.0261630000005,452.91807875
2015-12-16,454.45,454.5,454.45,454.49,0.3839,174.47355,454.47655639
2015-12-17,462.44,462.44,462.44,462.44,2.91935689,1350.0274002,462.44
2015-12-18,464.29,464.3,464.29,464.3,0.0424,19.686002,464.2925
2015-12-19,459.19,459.2,459.19,459.19,0.2349,107.86381999999999,459.19037888
2015-12-20,435.18,435.22,435.18,435.22,0.0449,19.540378,435.19772829
2015-12-21,436.61,436.62,436.61,436.62,1.242,542.275604,436.61481804
2015-12-22,437.56,437.66,437.56,437.66,5.5913,2446.832384,437.61421923
2015-12-23,455.91,455.91,455.71,455.71,3.40065115,1549.9949958,455.79358994
2015-12-24,458.47,458.5,458.47,458.5,0.6015,275.780048,458.48719534
2015-12-25,442.67,442.67,442.66,442.66,2.80960667,1243.7051735999999,442.66166752
2015-12-26,420.55,420.6,420.55,420.6,0.4717,198.39612,420.59809201
2015-12-27,428.68,428.68,428.68,428.68,0.0113,4.844084,428.68
2015-12-28,422.23,422.31,422.18,422.31,0.4146,175.061363,422.24158948
2015-12-29,432.48,432.48,432.48,432.48,0.3457,149.508336,432.48
2015-12-30,420.53,420.54,420.53,420.54,0.3145,132.259185,420.53794913
2015-12-31,435.99,435.99,435.99,435.99,0.4506,196.45709399999998,435.99
2016-01-01,435.89,435.89,435.72,435.72,5.061,2205.4452349,435.77262101
2016-01-02,434.54,434.54,434.49,434.49,1.5238,662.092678,434.50103557
2016-01-03,433.09,433.39,433.09,433.39,0.8954,387.835796,433.14250168
2016-01-04,433.83,433.83,433.78,433.78,0.4261,184.85050800000002,433.81954471
2016-01-05,431.31,431.31,431.31,431.31,1.4243,614.314833,431.31
2016-01-06,443.46,443.51,443.46,443.51,8.65799056,3839.7999504,443.49782132
2016-01-07,458.52,458.53,458.5,458.52,1.2158,557.4720120000001,458.52279322
2016-01-08,449.24,449.74,449.24,449.74,2.0847,937.4216289999999,449.66740011
2016-01-09,447.4,447.4,447.17,447.17,0.6992,312.761441,447.31327374
2016-01-10,451.53,451.53,451.53,451.53,0.0521,23.524713000000002,451.53
2016-01-11,447.57,447.57,447.57,447.57,4.47078,2000.9870046,447.57
2016-01-12,432.85,432.87,432.78,432.78,0.867,375.254589,432.81959516
2016-01-13,432.51,432.54,432.51,432.54,2.3299595,1007.8002341,432.53980772
2016-01-14,416.11,416.12,416.11,416.12,10.42444587,4337.737835399999,416.11207824
2016-01-15,369.08,369.09,369.08,369.09,0.4239,156.455751,369.08646143
2016-01-16,383.56,383.56,383.56,383.56,0.2597,99.61053199999999,383.56
2016-01-17,375.7,376.05,375.7,376.05,1.2392,465.75428641,375.85077986
2016-01-18,383.6,383.6,383.56,383.56,0.15,57.538740000000004,383.5916
2016-01-19,380.18,380.18,379.58,379.96,4.91474,1867.3130534000002,379.94137093
2016-01-20,415.21,415.21,415.21,415.21,1.33675099,555.03237856,415.21
2016-01-21,399.06,399.13,399.05,399.1,11.24555269,4487.761198100001,399.06986538
2016-01-22,394.27,394.27,393.33,393.33,5.30267,2087.3135829999997,393.63444887
2016-01-23,390.08,390.09,390.08,390.09,0.35636388,139.01068595,390.0807398
2016-01-24,398.42,398.42,398.39,398.39,7.72538,3077.8888218,398.41261165
2016-01-25,392.81,392.94,392.74,392.94,1.5264,599.6392052,392.84539125
2016-01-26,395.23,395.23,395.23,395.23,1.25524,496.1085052,395.23
2016-01-27,383.47,383.47,383.42,383.42,1.28432618,492.48096024,383.45473908
2016-01-28,374.87,375.17,374.87,375.17,2.82298,1058.8521822999999,375.08313282
2016-01-29,379.4,379.43,379.4,379.41,3.55799,1349.9679047,379.41868996
2016-01-30,381.55,381.7,381.55,381.7,10.0382192,3830.6018335999997,381.60173207
2016-01-31,374.63,374.63,374.63,374.63,0.46538999999999997,174.34905569999998,374.63
2016-02-01,373.91,373.91,373.91,373.91,0.8087300000000001,302.39223430000004,373.91
2016-02-02,372.9,372.9,372.81,372.81,0.10300000000000001,38.40473,372.86145631
2016-02-03,371.44,371.46,371.44,371.46,1.22196,453.90353020000003,371.45530967
2016-02-04,385.93,385.98,385.93,385.98,2.22269,857.89354027,385.97084626
2016-02-05,374.33,374.41,374.33,374.41,1.90271,712.2480815,374.33349354
2016-02-06,376.72,376.72,376.58,376.64,0.8842700000000001,333.0442966,376.63190722
2016-02-07,378.77,378.77,378.74,378.74,0.050539999999999995,19.1421196,378.75187178
2016-02-08,371.38,371.41,371.35,371.35,1.59239,591.4051545,371.39466745
2016-02-09,374.65,374.65,374.5,374.57,3.5131099999999997,1315.721603,374.51762199
2016-02-10,374.84,374.84,374.84,374.84,0.061860000000000005,23.187602399999996,374.84
2016-02-11,379.21,379.21,379.16,379.21,0.17638,66.8808958,379.18639188
2016-02-12,390.21,390.21,390.21,390.21,1.09206,426.13273260000005,390.21
2016-02-13,397.16,397.21,397.05,397.05,0.8228,326.748108,397.11729217
2016-02-14,405.08,405.08,405.08,405.08,1.18363,479.4648404,405.08
2016-02-15,399.73,399.73,399.69,399.73,0.04,15.9888,399.72
2016-02-16,408.99,409.0,408.99,409.0,1.28631,526.099806,408.99923502
2016-02-17,418.45,418.45,418.45,418.45,0.84949,355.4690905,418.45
2016-02-18,420.76,420.76,420.56,420.56,15.103670000000001,6354.4698742,420.72356415
2016-02-19,424.89,424.89,424.79,424.79,18.13912926,7706.3894756,424.84891999
2016-02-20,439.23,439.23,439.23,439.23,3.963,1740.6684899999998,439.23
2016-02-21,434.85,435.11,434.85,435.11,16.15602,7027.7326691,434.99158017
2016-02-22,438.63,438.63,438.63,438.63,4.3537300000000005,1909.6765899,438.63
2016-02-23,411.09,411.47,411.09,411.47,2.6961699,1108.5410423,411.15400120000004
2016-02-24,419.54,419.7,419.54,419.7,0.24354,102.18486259999999,419.58143467
2016-02-25,422.85,422.85,422.85,422.85,0.70333,297.40309049999996,422.85
2016-02-26,432.77,432.77,432.56,432.56,5.35597,2316.9185931999996,432.58617826
2016-02-27,426.27,426.31,426.27,426.31,0.5786,246.65071600000002,426.28882821
2016-02-28,436.78,436.78,436.66,436.66,0.09938999999999999,43.408243,436.74658416
2016-02-29,435.37,435.37,435.09,435.19,21.92466,9540.482117799998,435.14846378
2016-03-01,432.89,433.01,432.86,432.86,2.10691,912.2412326,432.97589009
2016-03-02,413.58,414.46,413.58,414.46,7.41662,3070.7097421,414.03088497
2016-03-03,420.43,420.43,420.28,420.28,0.74298,312.31613721,420.35604889
2016-03-04,407.75,407.75,407.51,407.71,21.50926,8768.582573,407.66546934
2016-03-05,397.51,397.65,397.51,397.65,0.66,262.3804,397.54606061
2016-03-06,403.79,403.91,403.33,403.91,14.4029,5810.7808001,403.44519507
2016-03-07,414.72,414.72,414.71,414.71,0.77191,320.11927349999996,414.71061847
2016-03-08,410.16,410.21,410.15,410.21,0.25845,106.0180675,410.20726446
2016-03-09,412.03,412.04,412.03,412.03,7.025469999999999,2894.7059864,412.03022522
2016-03-10,417.88,417.89,417.88,417.89,0.8417399999999999,351.7546093,417.88985827
2016-03-11,414.45,414.45,414.32,414.32,2.96417,1228.3716699000001,414.40661969
2016-03-12,412.35,412.35,412.35,412.35,0.05389,22.2215415,412.35
2016-03-13,415.13,415.13,415.13,415.13,0.78701,326.7114613,415.13
2016-03-14,415.94,416.11,415.92,416.11,0.13180999999999998,54.824930599999995,415.93908353
2016-03-15,414.77,414.89,414.77,414.88,1.06515,441.9157285,414.88591137
2016-03-16,417.99,418.0,417.99,417.99,0.77374,323.41782,417.99289167
2016-03-17,417.02,417.02,417.02,417.02,0.13033,54.350216599999996,417.02
2016-03-18,407.96,407.96,407.96,407.96,0.011890000000000001,4.8506444,407.96
2016-03-19,410.14,410.31,410.14,410.31,3.911,1604.27504,410.19561238
2016-03-20,408.57,408.94,408.57,408.94,1.9564599999999999,799.90201273,408.85170805
2016-03-21,416.0,416.0,415.69,416.0,28.817529999999998,11986.887887,415.95819929
2016-03-22,417.26,417.27,417.16,417.16,0.5133300000000001,214.1910155,417.25793447
2016-03-23,416.48,416.64,416.48,416.64,1.9526700000000001,813.49206932,416.60499179
2016-03-24,413.86,413.87,413.86,413.87,0.6100300000000001,252.47080019999999,413.86620363
2016-03-25,417.3,417.3,417.2,417.2,1.2182,508.33696,417.28530619
2016-03-26,416.83,416.85,416.72,416.72,0.773,322.196076,416.81251746
2016-03-27,423.46,423.46,422.97,422.97,4.2624,1804.202904,423.28333896
2016-03-28,423.28,423.28,423.1,423.1,0.81978,346.98102939999995,423.2611547
2016-03-29,414.9,414.9,414.9,414.9,0.04023,16.691426999999997,414.9
2016-03-30,414.8,414.8,414.8,414.8,3.24127,1344.478796,414.8
2016-03-31,416.66,416.66,416.66,416.66,0.04,16.6664,416.66
2016-04-01,418.79,418.79,418.79,418.79,0.50039,209.55832809999998,418.79
2016-04-02,419.53,419.53,419.51,419.51,0.0368,15.438344,419.52021739
2016-04-03,419.72,419.75,419.71,419.71,2.12296,891.0812543999999,419.73530089999997
2016-04-04,423.09,423.09,423.09,423.09,1.7205599999999999,727.9517304,423.09
2016-04-05,422.19,422.19,422.06,422.06,0.51283,216.47609980000001,422.12058538
2016-04-06,420.04,420.06,420.04,420.05,0.9628399999999999,404.44034869999996,420.04938380000004
2016-04-07,422.72,422.72,422.72,422.72,5.33945,2257.092304,422.72
2016-04-08,419.23,419.27,419.14,419.2,0.62563871,262.27499723,419.21158816
2016-04-09,420.92,420.92,420.88,420.92,0.0864,36.366488000000004,420.90842593
2016-04-10,423.36,423.36,423.28,423.28,1.01169,428.28912111,423.34027331
2016-04-11,428.2,428.2,428.2,428.2,0.12718,54.458476,428.2
2016-04-12,428.62,428.62,428.18,428.39,17.432660000000002,7466.749620899999,428.31958065
2016-04-13,425.7,425.75,425.7,425.75,0.05,21.286299765,425.72599529999997
2016-04-14,428.1,428.1,428.04,428.04,0.27626,118.2635424,428.08782451
2016-04-15,431.83,431.83,431.82,431.82,0.03275,14.142189199999999,431.82257099
2016-04-16,433.69,433.69,433.69,433.69,4.11,1782.4659,433.69
2016-04-17,433.5,433.5,433.3,433.3,1.9954599999999998,864.9468432,433.45736983
2016-04-18,431.03,431.08,431.03,431.08,5.62533,2424.9383534000003,431.07486199
2016-04-19,438.0,438.0,438.0,438.0,0.56308,246.62904,438.0
2016-04-20,444.3,444.53,444.3,444.53,7.8650199999999995,3496.0334445,444.50407557
2016-04-21,448.55,448.55,448.1,448.27,6.89270875,3089.7235465,448.25969856
2016-04-22,448.52,448.63,448.51,448.51,1.27064389,570.00368144,448.59435907
2016-04-23,459.54,459.54,459.01,459.27,20.154410000000002,9253.8730769,459.14879557
2016-04-24,464.68,464.69,464.66,464.66,0.52641,244.6151486,464.68560362
2016-04-25,467.77,467.77,467.77,467.77,0.29802,139.40481540000002,467.77
2016-04-26,468.83,468.83,468.8,468.8,0.5847275,274.12319927,468.80504042
2016-04-27,442.96,442.96,442.4,442.78,5.4545,2414.8854411999996,442.73268699
2016-04-28,450.3,450.31,450.3,450.3,0.39797,179.20746509999998,450.30395532
2016-04-29,457.45,457.45,457.27,457.34,3.08285,1409.8475979,457.31955752
2016-04-30,454.19,454.19,454.19,454.19,0.15473,70.2768187,454.19
2016-05-01,457.09,457.1,457.09,457.09,0.23085,105.5209393,457.09741954
2016-05-02,446.4,446.41,446.4,446.41,0.1394,62.22854399999999,446.40275466
2016-05-03,451.14,451.15,451.0,451.0,0.1424,64.23655550000001,451.09940660000007
2016-05-04,450.79,450.93,450.76,450.93,2.0259400000000003,913.33811791,450.82189893
2016-05-05,449.35,449.35,449.31,449.35,1.29338,581.1795030000001,449.34938147
2016-05-06,460.22,460.25,460.22,460.25,0.30415,139.98060869999998,460.23543877
2016-05-07,462.93,462.97,462.84,462.97,2.83018,1310.0276226,462.87784614
2016-05-08,461.51,461.51,461.37,461.48,3.36982,1554.8920205999998,461.4169364
2016-05-09,463.12,463.29,462.9,463.29,2.7425200000000003,1269.7226758,462.9766331
2016-05-10,456.2,456.46,456.14,456.44,3.2846300000000004,1498.6303154000002,456.25544289999993
2016-05-11,454.34,454.36,454.34,454.35,2.26986,1031.3139607,454.35135237
2016-05-12,456.0,456.16,455.85,455.85,7.744510000000001,3532.0640833,456.07328073
2016-05-13,456.64,456.64,456.64,456.64,0.89689,409.55584960000004,456.64
2016-05-14,459.99,460.0,459.99,460.0,1.67884,772.251764,459.99128208
2016-05-15,460.18,460.19,460.02,460.17,2.29585,1056.176463,460.03722499
2016-05-16,457.0,457.0,456.97,457.0,0.97293,444.62870999999996,456.99969165
2016-05-17,456.09,456.21,456.09,456.21,0.53,241.77599446,456.18112163
2016-05-18,456.17,456.2,456.17,456.2,1.29492,590.7362098,456.19513931
2016-05-19,440.49,440.8,440.46,440.72,3.1978400000000002,1409.2913608,440.70102344
2016-05-20,446.26,446.26,446.15,446.15,3.69023,1646.6528162999998,446.21956255
2016-05-21,445.99,446.0,445.99,445.99,0.45808999999999994,204.30599750000002,445.99532297
2016-05-22,444.75,444.95,444.74,444.95,4.540769999999999,2019.9583342,444.8492952
2016-05-23,447.4,447.42,447.4,447.42,0.14895,66.642059,447.41227929
2016-05-24,449.71,450.0,449.71,449.96,16.51754,7432.1125513,449.95275031
2016-05-25,450.64,450.64,450.64,450.64,0.04605,20.751972,450.64
2016-05-26,468.0,468.0,467.99,467.99,1.33574,625.1248759,467.99891888
2016-05-27,496.77,496.77,494.56,496.48,39.67874356,19666.59967,495.64572628
2016-05-28,514.79,514.99,514.79,514.99,1.01276,521.5587204,514.98748015
2016-05-29,528.52,528.52,528.52,528.52,0.07349,38.8409348,528.52
2016-05-30,533.79,533.9,533.62,533.9,2.36548,1262.745059,533.82191308
2016-05-31,529.27,529.48,529.27,529.48,1.57774862,835.15905932,529.33594664
2016-06-01,536.6,536.6,536.55,536.55,0.09237999999999999,49.5681305,536.567769
2016-06-02,537.64,537.65,537.64,537.65,0.8011199999999999,430.7142568,537.64012483
2016-06-03,573.85,573.85,573.55,573.55,0.56604,324.72082435,573.67116167
2016-06-04,580.79,580.79,580.79,580.79,0.06725,39.058127500000005,580.79
2016-06-05,580.56,580.95,580.49,580.95,2.66217904,1546.0434085000002,580.74358835
2016-06-06,587.63,587.9,587.63,587.9,2.03102626,1193.6831326,587.72412553
2016-06-07,575.8,575.8,575.8,575.8,0.06727136,38.734849088000004,575.8
2016-06-08,581.2,581.4,581.19,581.4,1.84292138,1071.2727836000001,581.29055053
2016-06-09,576.36,576.36,575.54,575.54,5.63155,3242.9730028999998,575.85797923
2016-06-10,585.71,585.71,585.7,585.7,1.6574099999999998,970.7460302000001,585.70059925
2016-06-11,637.06,637.07,637.0,637.0,4.41109099,2810.0498023,637.04190385
2016-06-12,683.81,685.0,683.8,684.99,32.03155077,21922.085713999997,684.39039593
2016-06-13,691.08,691.08,691.08,691.08,2.15188556,1487.1250728,691.08
2016-06-14,683.06,683.07,683.06,683.06,1.13819998,777.45897784,683.06008742
2016-06-15,727.82,727.82,726.36,726.36,4.88218,3549.4818874,727.02806685
2016-06-16,771.88,771.88,771.88,771.88,0.5303273000000001,409.34903632,771.88
2016-06-17,749.1,749.11,749.1,749.11,1.53098,1146.8680233,749.10712308
2016-06-18,747.47,748.07,747.47,748.07,1.37237472,1026.1570508,747.72366165
2016-06-19,761.96,762.0,761.96,762.0,0.7267399999999999,553.7707042999999,761.9928782000001
2016-06-20,700.25,700.82,700.25,700.48,2.91,2037.9402,700.32309278
2016-06-21,662.17,662.17,662.17,662.17,2.571309,1702.6436805,662.17
2016-06-22,592.23,592.23,590.18,590.2,18.5648324,10964.632324,590.61305204
2016-06-23,678.99,682.0,678.94,680.86,55.74948377,37890.080991,679.64900173
2016-06-24,693.11,693.22,692.13,692.13,2.18387674,1512.5065429,692.57871342
2016-06-25,662.1,662.43,661.64,661.64,0.24478000000000003,162.06442909999998,662.08198832
2016-06-26,649.17,649.17,647.88,647.88,2.79183,1810.3285142999998,648.43794725
2016-06-27,653.33,653.47,653.29,653.47,0.96221,628.6366345,653.32581713
2016-06-28,634.61,635.14,634.16,635.14,0.7694300000000001,488.12255307,634.39501069
2016-06-29,637.19,637.19,637.19,637.19,0.63416094,404.08100936,637.19
2016-06-30,682.95,682.95,681.42,682.03,22.79847731,15542.101369,681.71664089
2016-07-01,679.88,680.67,679.53,679.53,1.7546400000000002,1193.4064889,680.14321395
2016-07-02,693.24,693.56,693.24,693.56,0.52219427,362.0389971,693.30327409
2016-07-03,678.81,678.81,678.81,678.81,0.07269,49.3426989,678.81
2016-07-04,679.1,679.1,678.31,678.31,0.83781,568.58376783,678.65478787
2016-07-05,679.36,679.66,679.36,679.66,0.19796,134.53047132,679.58411457
2016-07-06,654.72,654.72,648.71,648.71,39.43254683,25663.216100999998,650.81305074
2016-07-07,640.89,641.05,640.89,641.05,4.80105,3077.0097025,640.90349038
2016-07-08,654.98,655.27,654.84,655.27,5.15784,3379.3486992,655.18680285
2016-07-09,650.87,650.9,650.86,650.86,1.47281347,958.6187342000001,650.8758602
2016-07-10,660.1,661.15,660.1,661.15,0.68467543,452.43653034,660.80439069
2016-07-11,650.37,650.37,649.68,649.68,12.353019999999999,8028.636242899999,649.93307247
2016-07-12,664.32,664.53,663.9,664.53,47.43612,31503.220510000003,664.11882992
2016-07-13,653.51,653.58,653.51,653.58,2.03587,1330.4639146,653.51123333
2016-07-14,665.99,666.0,665.98,665.98,0.92858,618.4319154,665.99745353
2016-07-15,669.35,669.35,669.03,669.03,2.244675,1502.2786420999998,669.26331968
2016-07-16,668.96,668.96,668.91,668.91,0.50552,338.1684922,668.951757
2016-07-17,683.18,683.18,682.72,682.72,0.97255,664.220208,682.96767056
2016-07-18,675.29,675.29,675.09,675.16,3.1656400000000002,2137.1743985999997,675.11605825
2016-07-19,674.21,674.21,674.21,674.21,2.09932,1415.3825372000001,674.21
2016-07-20,663.4,663.41,663.4,663.41,2.72214,1805.8906517,663.40844031
2016-07-21,668.45,668.86,668.45,668.86,0.14495999999999998,96.9204838,668.60157147
2016-07-22,661.9,661.98,661.43,661.9,14.63692745,9688.1522582,661.89794895
2016-07-23,657.49,657.54,657.24,657.28,1.54421074,1015.2360961,657.44659705
2016-07-24,661.24,661.24,660.76,660.79,4.95397558,3273.7304886,660.82895156
2016-07-25,658.39,658.39,658.27,658.27,0.23676999999999998,155.88460869999997,658.37989906
2016-07-26,647.13,647.13,647.12,647.12,6.03691675,3906.6294653000004,647.12329605
2016-07-27,657.92,657.92,657.91,657.92,0.26926,177.15046919999997,657.91602615
2016-07-28,658.78,658.91,658.78,658.9,2.9512,1944.5443019000002,658.89953304
2016-07-29,658.85,658.85,658.16,658.16,10.12567,6665.789975399999,658.30606521
2016-07-30,635.9,635.91,635.9,635.91,0.74842,475.9271994,635.90924802
2016-07-31,626.5,626.5,626.5,626.5,0.03102431,19.436730215,626.5
2016-08-01,598.0,598.0,598.0,598.0,1.00858,603.13084,598.0
2016-08-02,548.56,549.0,548.56,548.99,10.514041,5770.1611985,548.80527843
2016-08-03,583.59,584.7,582.5,584.64,2.82924735,1652.1037093,583.93753001
2016-08-04,579.69,580.0,579.69,579.97,17.91037,10387.446287,579.96826904
2016-08-05,582.98,583.0,582.98,583.0,2.06451,1203.6087877999998,582.99973737
2016-08-06,592.25,592.79,592.25,592.79,0.1229,72.814525,592.46969081
2016-08-07,594.59,594.6,594.59,594.6,0.35586999999999996,211.600002,594.599157
2016-08-08,588.63,588.74,588.63,588.74,1.45432,856.0617496,588.63369107
2016-08-09,586.62,586.75,586.22,586.22,1.9783099999999998,1159.9535492999998,586.33558408
2016-08-10,593.89,593.89,593.89,593.89,0.15671,93.06850190000002,593.89
2016-08-11,584.42,584.42,584.41,584.41,0.47651000000000004,278.4818742,584.41979014
2016-08-12,588.01,588.34,588.01,588.07,5.54208,3259.6398872,588.16182502
2016-08-13,583.37,583.37,583.37,583.37,0.04027,23.4923099,583.37
2016-08-14,572.4,572.55,572.3,572.55,0.34353,196.6482471,572.43398568
2016-08-15,568.55,568.55,568.54,568.54,0.81277,462.0989761,568.54826839
2016-08-16,578.09,578.18,578.09,578.18,2.49513,1442.4873445,578.12111773
2016-08-17,574.46,574.46,574.46,574.46,0.09693,55.6824078,574.46
2016-08-18,574.84,575.06,574.84,575.06,4.2672099999999995,2453.7386850000003,575.02177886
2016-08-19,574.34,574.34,574.34,574.34,0.07029424,40.372793802,574.34
2016-08-20,582.17,582.17,582.16,582.16,0.38145999999999997,222.0711184,582.16095633
2016-08-21,580.37,580.37,580.37,580.37,1.3151,763.244587,580.37
2016-08-22,585.79,585.96,585.76,585.93,3.85974901,2261.4778867,585.9131982000001
2016-08-23,579.15,579.15,579.15,579.15,0.72874456,422.05241192,579.15
2016-08-24,575.63,575.69,575.63,575.69,2.55546,1471.0901718,575.66550515
2016-08-25,576.66,576.66,576.66,576.66,4.20448284,2424.5570745,576.66
2016-08-26,576.92,576.92,576.92,576.92,0.17206,99.2648552,576.92
2016-08-27,570.98,570.98,570.98,570.98,0.05756,32.8656088,570.98
2016-08-28,574.91,574.98,574.91,574.98,0.20514000000000002,117.94633871,574.9553413
2016-08-29,573.22,573.23,573.22,573.23,0.23392,134.0896962,573.22886542
2016-08-30,572.79,572.93,572.79,572.93,3.0179400000000003,1729.0520218,572.92458492
2016-08-31,571.91,572.09,571.83,571.98,1.73372562,991.67356827,571.98991399
2016-09-01,570.94,570.94,570.94,570.94,0.15142,86.4517348,570.94
2016-09-02,575.16,575.19,575.16,575.19,0.21819000000000002,125.4953328,575.1653732999999
2016-09-03,599.18,599.18,598.66,598.66,16.87445,10104.581046,598.80950465
2016-09-04,609.38,609.6,609.36,609.6,1.87123181,1140.2688714,609.36804584
2016-09-05,607.01,607.01,607.01,607.01,0.40076559,243.26872079,607.01
2016-09-06,612.17,612.17,612.17,612.17,0.21923,134.2060291,612.17
2016-09-07,615.96,615.96,615.96,615.96,0.03485,21.466206,615.96
2016-09-08,626.55,626.56,626.55,626.56,2.38853,1496.5419949000002,626.55356847
2016-09-09,622.31,622.31,622.31,622.31,2.58575,1609.1380824999999,622.31
2016-09-10,623.2,623.2,622.39,622.39,6.76631707,4213.7188033,622.74923858
2016-09-11,608.85,608.86,608.85,608.86,0.28225,171.8500124,608.85743986
2016-09-12,608.51,608.53,608.32,608.53,4.99890575,3041.6725468000004,608.4676724999999
2016-09-13,609.18,609.18,609.17,609.17,0.15075999999999998,91.83917679999999,609.17469355
2016-09-14,608.24,608.24,608.23,608.23,0.12273532,74.652088584,608.23639506
2016-09-15,606.64,606.64,606.64,606.64,0.32213,195.4169432,606.64
2016-09-16,608.11,608.21,608.11,608.21,2.17266,1321.3750235,608.18306755
2016-09-17,607.72,607.72,607.72,607.72,1.11145,675.4503940000001,607.72
2016-09-18,611.82,611.82,611.82,611.82,0.01,6.1182,611.82
2016-09-19,609.26,609.29,609.25,609.29,0.26943,164.15473907,609.26674487
2016-09-20,598.86,598.87,598.86,598.86,0.77061,461.49316009999995,598.86733899
2016-09-21,597.28,597.28,597.07,597.07,3.9563599999999997,2362.6972505,597.18965173
2016-09-22,596.98,596.99,596.85,596.99,1.3176700000000001,786.5434953,596.91993845
2016-09-23,605.59,605.59,605.59,605.59,1.20528807,729.91040231,605.59
2016-09-24,602.57,602.68,602.57,602.68,0.43178,260.2126601,602.65102622
2016-09-25,602.24,602.4,602.24,602.24,2.7254099999999997,1641.4522017000002,602.2771626
2016-09-26,605.56,605.56,605.56,605.56,0.01986,12.0264216,605.56
2016-09-27,604.51,604.51,604.5,604.5,5.90057,3566.9145565999997,604.50338808
2016-09-28,604.99,604.99,604.99,604.99,0.30011,181.5635489,604.99
2016-09-29,605.53,605.54,605.53,605.54,0.38357717,232.26768922,605.53053567
2016-09-30,612.39,612.51,612.39,612.51,1.33249,816.15035347,612.50017146
2016-10-01,615.53,615.54,615.35,615.54,3.8187300000000004,2350.0408355,615.39853184
2016-10-02,613.89,613.92,613.89,613.92,0.50238,308.41348683,613.90478688
2016-10-03,610.59,610.59,610.59,610.59,0.21436999999999998,130.8921783,610.59
2016-10-04,609.72,609.74,609.72,609.74,0.013730000000000001,8.3715102,609.72397669
2016-10-05,612.55,612.55,612.52,612.55,1.87665294,1149.5407584000002,612.54840141
2016-10-06,612.34,612.34,612.34,612.34,0.9464600000000001,579.5553164,612.34
2016-10-07,619.66,619.66,619.61,619.64,3.72079587,2305.5339995,619.63463733
2016-10-08,617.82,617.82,617.82,617.82,0.15742,97.25722440000001,617.82
2016-10-09,618.97,618.97,618.96,618.96,2.01888,1249.6223799000002,618.9681307999999
2016-10-10,631.09,631.1,630.4,631.08,52.86598727,33344.938791,630.74465291
2016-10-11,638.51,638.51,638.51,638.51,4.27935,2732.4077684999997,638.51
2016-10-12,638.27,638.3,638.27,638.3,1.86727,1191.867041,638.29389483
2016-10-13,634.22,634.82,634.17,634.17,0.5561699999999999,352.8364794,634.40401208
2016-10-14,639.1,639.1,639.1,639.1,0.47,300.377,639.1
2016-10-15,640.88,640.88,640.88,640.88,0.06039,38.7027432,640.88
2016-10-16,640.26,640.27,640.25,640.25,0.8163699999999999,522.6907179,640.26203547
2016-10-17,639.14,639.14,639.12,639.12,0.18519000000000002,118.360607,639.1306603999999
2016-10-18,636.97,636.98,636.95,636.95,4.76524788,3035.3198145,636.96997322
2016-10-19,629.22,629.25,629.2,629.2,6.955439999999999,4376.4136507,629.20730403
2016-10-20,629.72,629.77,629.61,629.67,2.09322,1317.9606594,629.63312953
2016-10-21,630.87,630.87,630.87,630.87,0.48813999999999996,307.9528818,630.87
2016-10-22,649.57,649.68,649.57,649.68,0.43178999999999995,280.49039889999995,649.59910813
2016-10-23,651.96,651.97,651.04,651.04,2.81636,1834.9198932999998,651.52178461
2016-10-24,654.8,655.29,654.8,655.29,4.3425273,2845.1737780000003,655.18846088
2016-10-25,657.74,657.75,657.74,657.75,5.242608799999999,3448.2990795999995,657.74487686
2016-10-26,688.66,688.7,688.66,688.69,1.7948857,1236.1075699,688.6831679
2016-10-27,687.32,687.49,687.32,687.49,0.4914,337.79225091,687.40791802
2016-10-28,703.58,703.6,703.58,703.6,0.98849,695.4820462,703.58025493
2016-10-29,710.95,710.95,710.95,710.95,0.050105800000000006,35.62271851,710.95
2016-10-30,698.17,698.51,698.17,698.23,1.8809,1313.2576728,698.20706728
2016-10-31,710.04,710.04,710.01,710.01,8.82199,6263.876369899999,710.02986513
2016-11-01,724.98,725.09,724.98,725.05,0.76443,554.2441964,725.04244522
2016-11-02,742.16,742.18,742.13,742.17,1.6480099999999998,1223.0643856,742.1462161000001
2016-11-03,703.55,703.55,703.55,703.55,0.19947,140.3371185,703.55
2016-11-04,704.29,704.29,704.28,704.29,0.6984899999999999,491.93843719999995,704.28844679
2016-11-05,717.77,717.77,717.77,717.77,0.15491,111.1897507,717.77
2016-11-06,710.01,710.18,710.01,710.18,4.07967017,2896.9387386999997,710.09140887
2016-11-07,707.19,707.35,707.03,707.35,0.10790999999999999,76.322415315,707.27842939
2016-11-08,744.99,745.0,744.98,744.99,13.996039999999999,10426.992517,744.99590722
2016-11-09,717.82,717.82,717.7,717.7,0.22708000000000003,162.989518,717.76254184
2016-11-10,712.77,712.77,712.5,712.5,7.756449400000001,5527.586641399999,712.6439375
2016-11-11,715.07,715.27,715.07,715.27,0.15472398,110.65419147,715.17156859
2016-11-12,691.73,691.93,691.73,691.93,2.52149,1744.2490477000001,691.75330765
2016-11-13,704.92,704.92,704.92,704.92,0.16382,115.47999440000001,704.92
2016-11-14,710.51,710.52,710.51,710.52,0.40971,291.1044812,710.51348808
2016-11-15,712.06,712.06,711.97,712.02,1.11909,796.81546905,712.02090006
2016-11-16,747.95,748.0,747.95,748.0,3.45419643,2583.7249294,747.9959468999999
2016-11-17,739.87,739.99,739.87,739.99,0.32523,240.6545477,739.95187314
2016-11-18,748.8,748.85,748.78,748.85,1.35866,1017.4262544,748.84537293
2016-11-19,750.8,750.94,750.8,750.93,0.86475,649.3158077,750.87112773
2016-11-20,731.31,731.31,730.47,730.47,2.42372,1771.0631604000002,730.72102405
2016-11-21,736.54,736.54,736.53,736.53,0.87508,644.5271899,736.53516239
2016-11-22,742.43,742.5,742.08,742.5,1.01043,750.1904579,742.44673842
2016-11-23,741.01,741.01,740.2,740.2,6.73137,4985.2376685,740.59777854
2016-11-24,732.21,732.21,732.21,732.21,0.40765999999999997,298.4927286,732.21
2016-11-25,738.66,738.94,738.58,738.94,1.8323900000000002,1353.4729982000001,738.63806188
2016-11-26,730.49,730.91,730.49,730.91,1.48592463,1085.9692184,730.83734966
2016-11-27,731.34,731.35,731.02,731.35,0.99798,729.61354409,731.09034659
2016-11-28,731.7,731.77,731.38,731.77,3.98086,2912.0116989999997,731.5031673999999
2016-11-29,730.47,730.47,730.4,730.4,0.69291,506.10736219999995,730.40851222
2016-11-30,746.64,746.64,746.42,746.42,0.31042,231.76799129,746.62712224
2016-12-01,767.31,767.35,767.31,767.35,0.33805,259.40126749999996,767.3458586
2016-12-02,763.0,763.02,763.0,763.01,3.944376,3009.6008658000005,763.01064244
2016-12-03,767.06,767.06,767.05,767.05,0.640889,491.59741635,767.05547505
2016-12-04,755.53,755.55,754.86,754.86,7.60605,5743.158336300001,755.07764691
2016-12-05,755.61,755.61,755.61,755.61,0.35984,271.8987024,755.61
2016-12-06,755.26,755.52,755.26,755.52,2.22654,1681.6339449999998,755.26778993
2016-12-07,764.94,764.94,764.69,764.69,0.14837779,113.49446974,764.90200949
2016-12-08,768.24,768.52,768.24,768.52,1.1426,877.8137509,768.25989051
2016-12-09,772.45,772.72,772.36,772.36,10.012945,7735.8150641,772.58139979
2016-12-10,767.79,767.8,767.79,767.8,0.55182,423.685796,767.7971004999999
2016-12-11,772.3,772.31,772.3,772.31,0.6270600000000001,484.28405561,772.30895865
2016-12-12,778.76,778.78,778.76,778.77,1.44507,1125.3793309,778.77149958
2016-12-13,780.37,780.37,780.31,780.31,1.77947,1388.5470965,780.31497946
2016-12-14,779.42,779.56,779.34,779.56,10.22712828,7970.913180500001,779.38918553
2016-12-15,781.0,781.0,780.99,780.99,5.97010382,4662.6471028999995,780.99933326
2016-12-16,788.4,788.4,788.4,788.4,0.09326,73.526184,788.4
2016-12-17,790.71,790.71,790.71,790.71,10.0,7907.1,790.71
2016-12-18,794.97,794.97,794.97,794.97,0.15800999999999998,125.61320970000001,794.97
2016-12-19,789.29,789.29,789.02,789.02,10.0,7890.9733893,789.09733893
2016-12-20,808.42,808.65,808.21,808.65,1.48482,1200.2018202,808.3146915
2016-12-21,845.61,845.92,845.61,845.92,5.09655,4311.2313268,845.91171023
2016-12-22,892.04,893.5,891.77,893.49,16.5715,14785.573234,892.22902176
2016-12-23,912.68,912.68,912.65,912.65,12.279160000000001,11206.746725,912.66395459
2016-12-24,876.46,876.46,876.46,876.46,0.40264,352.89785439999997,876.46
2016-12-25,902.39,902.98,902.39,902.98,1.46553281,1323.249885,902.91385903
2016-12-26,898.86,898.95,898.86,898.95,0.44642,401.3022621,898.93432664
2016-12-27,941.84,942.73,941.84,942.73,0.7540899999999999,710.8848457,942.70557321
2016-12-28,980.66,981.94,980.66,981.91,1.97380178,1937.9183783,981.82015941
2016-12-29,949.98,950.5,949.98,950.49,6.26297684,5952.6993542,950.45846509
2016-12-30,952.89,953.75,952.89,953.71,5.37668498,5124.4096251,953.07975902
2016-12-31,966.91,966.92,966.91,966.92,0.029480000000000003,28.5047016,966.91660787
2017-01-01,1002.61,1003.64,1000.67,1003.64,3.79795,3804.0507849,1001.6063363
2017-01-02,1017.58,1018.8,1017.58,1018.8,0.64782,659.840826,1018.5558117999999
2017-01-03,1062.52,1063.39,1062.52,1062.96,17.26819502,18350.117907,1062.6540808
2017-01-04,1165.67,1165.68,1163.01,1163.01,3.43346398,3994.4818788000002,1163.3970539000002
2017-01-05,986.91,986.91,980.11,982.38,2.3695470000000003,2325.5908680999996,981.4495632000002
2017-01-06,841.11,841.11,831.36,831.36,15.71113377,13148.415358,836.88520193
2017-01-07,942.5,944.2,942.5,944.2,1.5708799999999998,1481.0649118,942.82498462
2017-01-08,901.17,901.17,901.02,901.02,0.12946,116.6542692,901.08349452
2017-01-09,900.6,900.64,900.42,900.42,3.16963888,2854.3102790999997,900.51592222
2017-01-10,920.95,921.0,920.94,920.94,3.7336099999999997,3438.4982766000003,920.95807452
2017-01-11,777.41,777.41,777.41,777.41,0.0021043000000000004,1.635903863,777.41
2017-01-12,785.73,792.52,785.73,792.52,10.05979901,7948.4923217,790.12436668
2017-01-13,836.0,836.01,833.67,835.73,19.23164935,16074.054687,835.81259177
2017-01-14,827.61,827.61,827.0,827.0,3.20025967,2646.7512177,827.0426436
2017-01-15,836.72,838.28,836.72,838.28,8.43495,7068.771510699999,838.03359957
2017-01-16,865.0,865.0,865.0,865.0,0.40551223,350.76807895,865.0
2017-01-17,904.41,904.41,904.41,904.41,0.03,27.1323,904.41
2017-01-18,890.26,890.97,890.26,890.97,4.56991,4070.7763475999996,890.77823142
2017-01-19,897.03,897.04,897.03,897.04,0.460638,413.20620514,897.03021709
2017-01-20,915.0,915.0,914.99,914.99,10.35835901,9477.7986076,914.99035691
2017-01-21,938.99,938.99,938.99,938.99,1.9526,1833.4718739999998,938.99
2017-01-22,924.53,924.63,924.53,924.63,1.7484,1616.500112,924.5596614
2017-01-23,917.19,917.86,916.09,917.86,2.7279,2500.8687915,916.77436545
2017-01-24,900.92,901.05,900.92,901.05,2.0044,1806.0408329999998,901.03813261
2017-01-25,903.17,903.64,903.17,903.54,1.7005825,1536.4163002999999,903.46472476
2017-01-26,914.75,914.75,914.75,914.75,3.5394,3237.66615,914.75
2017-01-27,924.42,924.42,924.4,924.4,1.1703,1081.8320199999998,924.40572503
2017-01-28,924.94,924.97,924.94,924.97,0.84292209,779.66658532,924.95687866
2017-01-29,920.49,920.49,920.49,920.49,0.0727,66.919623,920.49
2017-01-30,924.99,924.99,924.99,924.99,1.0477,969.112023,924.99
2017-01-31,974.99,975.0,974.99,975.0,3.2385,3157.5353106999996,974.99932397
2017-02-01,987.4,987.4,987.01,987.01,1.7951,1772.3326140000001,987.31692608
2017-02-02,1018.89,1019.9,1018.89,1019.9,1.1851,1208.5007679999999,1019.7458172
2017-02-03,1009.9,1009.9,1006.75,1008.35,20.2791,20445.390495,1008.2000924
2017-02-04,1029.62,1029.82,1029.62,1029.82,0.20441906,210.49833637,1029.7392835
2017-02-05,1017.58,1017.95,1017.58,1017.94,1.399728,1424.8348402000001,1017.9369422
2017-02-06,1039.31,1039.37,1039.29,1039.37,3.15843133,3282.6194808,1039.3195664999998
2017-02-07,1067.19,1067.19,1067.19,1067.19,0.6092,650.132148,1067.19
2017-02-08,1075.45,1075.46,1074.3,1074.3,0.87397648,939.61247009,1075.1004078
2017-02-09,988.3,989.23,988.3,989.23,0.3028,299.49316699999997,989.07915125
2017-02-10,1018.5,1018.5,1016.33,1016.33,3.6831,3746.6747138000005,1017.2611968
2017-02-11,1011.8,1011.82,1011.8,1011.82,1.17095202,1184.7860890999998,1011.8143775000001
2017-02-12,1018.73,1018.73,1018.73,1018.73,0.0211452,21.541249596,1018.73
2017-02-13,1005.84,1005.85,1005.84,1005.85,0.7448,749.14989583,1005.8403542000001
2017-02-14,1013.01,1013.01,1013.01,1013.01,0.0214,21.678414,1013.01
2017-02-15,1025.43,1025.9,1025.43,1025.9,9.72625248,9975.0623498,1025.5812678
2017-02-16,1042.49,1042.5,1042.49,1042.5,1.0532,1097.9607,1042.4997152
2017-02-17,1070.96,1070.96,1069.56,1070.49,2.607914,2791.5054812,1070.397828
2017-02-18,1061.3,1061.55,1061.0,1061.0,1.5545,1649.57871,1061.1635317
2017-02-19,1055.71,1055.73,1055.27,1055.27,1.5567,1643.4000119999998,1055.6947466
2017-02-20,1090.4,1091.53,1090.4,1091.46,3.6367,3969.0882446,1091.3983129
2017-02-21,1115.52,1115.52,1115.52,1115.52,0.7837,874.233024,1115.52
2017-02-22,1132.16,1132.21,1132.15,1132.15,1.0773,1219.684574,1132.1679884999999
2017-02-23,1210.99,1210.99,1210.98,1210.98,8.606,10421.745884,1210.9860428
2017-02-24,1180.5,1180.99,1180.38,1180.99,0.50735256,599.12750683,1180.8898861999999
2017-02-25,1154.5,1154.9,1154.5,1154.9,0.3897,449.941346,1154.5839004000002
2017-02-26,1184.0,1186.35,1184.0,1186.35,2.73895175,3248.1257962,1185.9010646
2017-02-27,1199.17,1199.17,1199.17,1199.17,7.2447,8687.626898999999,1199.17
2017-02-28,1199.28,1199.65,1199.28,1199.65,3.84513098,4612.7613165,1199.63698
2017-03-01,1224.95,1225.08,1224.85,1224.85,2.81897606,3453.2882996,1225.0151211
2017-03-02,1269.35,1269.36,1269.34,1269.36,2.93793849,3729.275243,1269.3510282
2017-03-03,1293.01,1293.01,1293.01,1293.01,3.02338443,3909.2663018,1293.01
2017-03-04,1265.5,1265.5,1265.5,1265.5,0.0659,83.39645,1265.5
2017-03-05,1278.11,1278.11,1278.1,1278.11,0.9836,1257.1480960000001,1278.109085
2017-03-06,1277.0,1279.49,1277.0,1279.49,5.5629,7107.854391,1277.7246384000002
2017-03-07,1180.29,1181.94,1180.27,1180.82,30.81885421,36388.735162,1180.729657
2017-03-08,1159.99,1160.0,1159.99,1160.0,0.59965425,695.59450202,1159.9926158
2017-03-09,1204.93,1204.94,1204.93,1204.94,0.6406,771.884464,1204.9398439000001
2017-03-10,1167.5,1167.5,1167.5,1167.5,3.19231026,3727.0222284999995,1167.5
2017-03-11,1181.59,1181.74,1181.0,1181.64,14.7423,17414.539152,1181.2633817
2017-03-12,1246.73,1246.74,1246.73,1246.74,1.6555,2063.97707,1246.7393960000002
2017-03-13,1241.59,1241.59,1241.59,1241.59,21.07887012,26171.314352,1241.59
2017-03-14,1246.17,1247.2,1246.17,1247.2,1.53281886,1910.9143938999998,1246.666807
2017-03-15,1245.1,1245.5,1245.1,1245.29,6.54182738,8145.290570800001,1245.1093705
2017-03-16,1127.37,1128.96,1127.23,1128.96,16.301,18401.445569,1128.8537862
2017-03-17,1064.96,1067.34,1064.96,1067.27,11.39595676,12154.409517,1066.5545485
2017-03-18,997.91,1002.33,997.91,1001.31,5.49,5488.8212813,999.78529715
2017-03-19,1037.84,1038.44,1037.84,1037.92,1.2528,1300.2968,1037.912516
2017-03-20,1079.8,1079.8,1079.45,1079.46,3.2353,3492.61859,1079.5346923
2017-03-21,1090.0,1090.0,1090.0,1090.0,4.3941,4789.569,1090.0
2017-03-22,1021.26,1021.86,1021.1,1021.1,20.06847482,20493.428531,1021.1751872000001
2017-03-23,992.0,1001.24,992.0,1001.24,57.76285607,57583.287247,996.8912752
2017-03-24,900.32,902.14,900.23,902.14,20.17204897,18177.992631,901.14755612
2017-03-25,969.99,969.99,969.99,969.99,0.6238,605.079762,969.99
2017-03-26,972.61,972.61,972.61,972.61,0.7636,742.684996,972.61
2017-03-27,1037.71,1037.83,1037.38,1037.83,5.1297,5322.6581237,1037.6158691
2017-03-28,1022.83,1024.43,1022.81,1024.43,2.29672135,2350.245336,1023.3045189
2017-03-29,1044.91,1044.96,1043.61,1044.8,1.6744028000000002,1748.293243,1044.1294311000001
2017-03-30,1055.99,1056.0,1055.99,1056.0,1.0901,1151.1356,1055.9908265000001
2017-03-31,1085.83,1087.68,1085.29,1087.68,2.9246,3176.496552,1086.1302578
2017-04-01,1084.14,1084.14,1083.85,1084.03,4.34703731,4712.4989735,1084.0714347
2017-04-02,1134.0,1134.0,1134.0,1134.0,1.3653186000000002,1548.2712924,1134.0
2017-04-03,1153.14,1153.15,1153.06,1153.07,1.056,1217.679263,1153.1053627000001
2017-04-04,1138.02,1138.02,1137.76,1137.87,2.7732,3155.5602129,1137.8768978
2017-04-05,1155.61,1155.61,1155.61,1155.61,1.8438438000000001,2130.7643337,1155.61
2017-04-06,1188.45,1190.2,1188.45,1190.2,12.5422,14915.224235,1189.2031888000001
2017-04-07,1195.89,1195.89,1195.66,1195.66,0.3621188,433.01757741,1195.7887229
2017-04-08,1187.66,1187.69,1183.82,1185.81,20.4068,24174.284747,1184.6190851
2017-04-09,1215.9,1215.91,1215.9,1215.91,0.7,851.1343019999999,1215.9061457
2017-04-10,1203.06,1203.6,1203.06,1203.6,0.8924,1073.6612873,1203.1166375
2017-04-11,1224.1,1224.1,1224.09,1224.1,0.2814,344.45923999999997,1224.0911158
2017-04-12,1216.03,1216.37,1216.03,1216.37,2.12104641,2579.6142035,1216.1988494000002
2017-04-13,1184.94,1184.94,1184.94,1184.94,2.9911895,3544.3800861,1184.94
2017-04-14,1179.71,1180.14,1179.09,1180.14,1.9829,2339.3125152,1179.7430608
2017-04-15,1187.0,1187.99,1187.0,1187.99,2.29720073,2728.2134841999996,1187.6252034000001
2017-04-16,1175.39,1176.2,1174.24,1175.85,9.77946129,11493.778064,1175.2976695999998
2017-04-17,1199.03,1200.57,1199.02,1200.35,3.28332136,3940.6724669,1200.2091891
2017-04-18,1205.59,1205.88,1205.59,1205.88,1.4619,1762.8268,1205.8463643
2017-04-19,1219.18,1219.25,1218.57,1218.58,4.04427669,4928.4210517,1218.6161900999998
2017-04-20,1246.0,1246.03,1246.0,1246.03,4.72394941,5886.0860333,1246.0095404
2017-04-21,1248.0,1248.4,1248.0,1248.37,1.12948099,1409.9988707999998,1248.3599842
2017-04-22,1239.05,1239.48,1238.52,1238.53,3.10171087,3842.5742409000004,1238.8563609
2017-04-23,1254.58,1254.86,1254.5,1254.5,3.54065556,4442.152407399999,1254.6129755000002
2017-04-24,1269.47,1269.47,1269.44,1269.47,2.35325868,2987.3893215,1269.4691607
2017-04-25,1287.25,1287.26,1287.04,1287.26,1.14639999,1475.6024261,1287.1619320999998
2017-04-26,1312.01,1312.03,1312.01,1312.02,8.55994225,11230.872181,1312.0266298000001
2017-04-27,1355.12,1357.39,1355.02,1355.03,91.13743855,123584.08832000001,1356.0188907
2017-04-28,1364.37,1364.94,1363.84,1364.94,5.11335869,6979.1016727,1364.8762185
2017-04-29,1346.7,1346.97,1345.35,1345.35,2.5727542999999997,3463.1093772,1346.070776
2017-04-30,1420.18,1420.36,1416.22,1420.36,30.10150561,42739.463009,1419.8446935999998
2017-05-01,1454.25,1454.25,1452.59,1452.87,1.1084,1610.9848997000001,1453.4327858
2017-05-02,1473.23,1473.25,1473.23,1473.23,3.34848428,4933.1477275,1473.2479877
2017-05-03,1572.69,1575.0,1571.64,1572.69,47.11084259,74159.570489,1574.1507987
2017-05-04,1608.53,1608.58,1608.4,1608.4,3.85103755,6194.5000162,1608.5275554000002
2017-05-05,1581.59,1581.59,1574.22,1576.07,20.74931272,32739.450802,1577.8571195999998
2017-05-06,1602.58,1602.61,1602.56,1602.59,8.7913006,14088.839978999998,1602.5888113
2017-05-07,1628.5,1628.65,1628.38,1628.48,3.64234277,5931.5166031,1628.489403
2017-05-08,1699.99,1700.0,1699.83,1700.0,5.05906545,8600.400000700001,1699.9977734000001
2017-05-09,1715.95,1716.95,1715.95,1716.95,4.40454706,7560.5736962,1716.5382940000002
2017-05-10,1819.09,1822.28,1819.09,1822.28,14.85072186,27028.485233,1820.0115447
2017-05-11,1756.95,1756.95,1756.68,1756.68,3.36648377,5914.6684227,1756.9276512000001
2017-05-12,1678.95,1679.68,1678.95,1679.68,4.60492405,7733.151118000001,1679.3221851
2017-05-13,1789.84,1790.0,1789.73,1789.73,2.3785,4257.453758,1789.9742517999998
2017-05-14,1763.73,1767.2,1763.73,1767.2,11.45433225,20220.794968000002,1765.3403555999998
2017-05-15,1722.01,1722.02,1722.0,1722.01,5.66621615,9757.288576899999,1722.0113597
2017-05-16,1813.34,1813.35,1812.83,1812.83,5.3258274000000005,9657.340222,1813.3032665999997
2017-05-17,1816.5,1816.94,1815.55,1816.53,3.50732437,6370.069129899999,1816.2189914
2017-05-18,1925.43,1926.0,1925.16,1925.55,4.03697124,7773.491076800001,1925.5750449000002
2017-05-19,1986.37,1987.45,1986.37,1987.45,5.74937431,11424.373683,1987.0638207000002
2017-05-20,2071.32,2072.59,2060.0,2069.83,133.68345413,275957.11791,2064.2578373
2017-05-21,2133.29,2133.29,2130.01,2130.01,3.3813757000000004,7204.890044,2130.7570301
2017-05-22,2198.25,2198.25,2190.86,2190.86,10.77148213,23637.465463999997,2194.4487471
2017-05-23,2313.21,2313.22,2311.04,2312.12,4.80342015,11107.770625,2312.4711721999997
2017-05-24,2553.68,2555.74,2553.1,2553.1,50.91245134,130023.94483,2553.8731961999997
2017-05-25,2488.97,2489.16,2482.41,2487.03,4.44238317,11049.045135,2487.1886805999998
2017-05-26,2191.99,2201.25,2191.99,2199.89,18.4681788,40632.960438999995,2200.160659
2017-05-27,2262.21,2263.76,2250.07,2261.93,29.15393064,65860.823564,2259.0718341999996
2017-05-28,2184.57,2184.98,2184.0,2184.98,1.79008641,3910.4802085999995,2184.5203599
2017-05-29,2313.67,2314.99,2313.66,2314.86,17.48963756,40483.97048,2314.7403908000006
2017-05-30,2206.01,2206.01,2205.0,2205.93,5.07293511,11188.823479,2205.5916813
2017-05-31,2407.06,2413.64,2406.81,2410.26,25.45192201,61334.638861,2409.8234639
2017-06-01,2431.01,2431.01,2431.01,2431.01,0.7943,1930.951243,2431.01
2017-06-02,2457.87,2458.0,2457.82,2458.0,8.70316401,21392.159602,2457.9750052
2017-06-03,2531.48,2531.52,2531.48,2531.52,1.5217,3852.185984,2531.5015995
2017-06-04,2590.23,2590.23,2587.81,2588.93,7.32081087,18953.322315999998,2588.964891
2017-06-05,2850.26,2850.55,2850.01,2850.12,6.59634323,18801.729549,2850.3261419
2017-06-06,2867.67,2868.18,2867.18,2868.18,4.99896119,14336.305085,2867.8568487
2017-06-07,2770.87,2770.87,2770.87,2770.87,4.21398398,11676.401791,2770.87
2017-06-08,2824.6,2824.6,2824.42,2824.43,8.42984465,23809.942969,2824.4818211999996
2017-06-09,2819.2,2819.21,2819.02,2819.21,0.24998449999999997,704.75191979,2819.1824684999997
2017-06-10,2905.13,2905.45,2904.52,2905.45,2.28829675,6648.2460343,2905.3251219999997
2017-06-11,2993.88,2994.19,2991.12,2991.12,7.13837051,21363.198924,2992.7276672
2017-06-12,2678.21,2679.6,2678.2,2679.58,5.70873153,15294.557409000001,2679.1516344
2017-06-13,2765.82,2766.65,2765.82,2766.65,3.88981264,10761.472043000002,2766.5785063000003
2017-06-14,2424.85,2424.89,2419.32,2419.32,8.68130425,21019.553015999998,2421.2436761
2017-06-15,2404.33,2405.0,2404.33,2405.0,3.10985469,7478.8101916000005,2404.8744836
2017-06-16,2495.99,2497.9,2495.99,2497.9,9.47762372,23662.455728999998,2496.6654541
2017-06-17,2636.22,2636.23,2634.52,2636.19,12.51487221,32984.337895,2635.6112425
2017-06-18,2560.57,2561.76,2560.57,2561.76,1.81079489,4637.753092100001,2561.1697480000003
2017-06-19,2593.12,2593.12,2591.24,2591.96,4.99951693,12959.417774,2592.1339913
2017-06-20,2780.0,2780.01,2780.0,2780.0,58.36939307,162266.96244,2780.0008516999997
2017-06-21,2599.69,2599.69,2598.0,2598.58,11.92141239,30978.76704,2598.5819487
2017-06-22,2721.33,2721.33,2721.32,2721.32,0.66481672,1809.1847635000001,2721.3286144000003
2017-06-23,2705.51,2705.51,2705.4,2705.41,1.98438522,5368.5995947,2705.4220827
2017-06-24,2573.0,2573.0,2573.0,2573.0,6.82032119,17548.686422,2573.0
2017-06-25,2504.84,2504.99,2503.51,2504.99,6.62106913,16579.091808,2503.9901385000003
2017-06-26,2433.11,2433.11,2431.8,2431.81,2.71312023,6597.7832708999995,2431.8064485
2017-06-27,2497.48,2499.92,2497.48,2498.59,1.6471682,4116.566704999999,2499.1781075999997
2017-06-28,2563.72,2563.72,2556.65,2559.64,15.21503404,38963.1833,2560.8344481999998
2017-06-29,2530.47,2530.47,2527.86,2527.99,5.43690315,13751.687247,2529.3235631
2017-06-30,2460.0,2462.42,2459.99,2462.42,4.53748375,11165.524682,2460.7305055
2017-07-01,2412.0,2412.0,2412.0,2412.0,0.8526700999999999,2056.6402812,2412.0
2017-07-02,2496.02,2498.92,2496.02,2498.92,2.09409854,5230.4843323,2497.725982
2017-07-03,2616.15,2620.0,2616.15,2620.0,9.15207165,23963.524556,2618.3716071999997
2017-07-04,2571.74,2572.85,2569.16,2572.85,6.00011815,15429.048368000002,2571.457425
2017-07-05,2607.98,2607.98,2607.27,2607.97,2.36812382,6176.001560199999,2607.9723991
2017-07-06,2592.9,2594.55,2592.89,2594.55,1.46247997,3793.1303159000004,2593.6289
2017-07-07,2523.62,2525.96,2523.62,2525.96,6.71213011,16943.078453000002,2524.2476196
2017-07-08,2572.95,2572.95,2572.94,2572.95,2.06582642,5315.253903899999,2572.9431343
2017-07-09,2512.94,2512.94,2512.94,2512.94,0.71781456,1803.8249203999999,2512.94
2017-07-10,2326.81,2326.82,2326.77,2326.78,1.9609,4562.603068,2326.7902841
2017-07-11,2314.64,2314.64,2311.11,2311.11,3.66434496,8474.9092366,2312.803333
2017-07-12,2389.27,2389.27,2386.1,2387.13,14.88251865,35536.594682999996,2387.8078380999996
2017-07-13,2320.37,2323.34,2320.37,2323.34,0.7578,1758.8089959000004,2320.9408761
2017-07-14,2130.03,2130.03,2130.02,2130.03,1.61743084,3445.1678871,2130.0248529
2017-07-15,1998.41,1999.81,1998.4,1998.95,9.47933696,18948.989749,1998.9783914999998
2017-07-16,1972.98,1972.98,1972.97,1972.98,1.21089981,2389.0806571,1972.9796284000001
2017-07-17,2185.75,2185.75,2182.93,2182.93,24.44830362,53406.724836,2184.4756866000002
2017-07-18,2317.96,2324.69,2317.96,2323.24,9.63174653,22356.237808,2321.0990591
2017-07-19,2319.41,2320.91,2319.41,2319.43,7.59133664,17614.347503999998,2320.3222751999997
2017-07-20,2759.5,2759.97,2759.33,2759.34,5.91511183,16322.363757,2759.4345172
2017-07-21,2707.33,2707.35,2707.0,2707.07,2.22226116,6016.0909923,2707.1935111
2017-07-22,2794.06,2811.39,2794.06,2810.59,41.245912,115533.10655999999,2801.0801788000003
2017-07-23,2763.07,2763.07,2763.02,2763.02,0.57012052,1575.2744437000001,2763.0551584000004
2017-07-24,2762.9,2762.9,2762.0,2762.01,2.9972,8278.4567841,2762.0635206
2017-07-25,2510.0,2510.01,2508.14,2510.01,24.92016287,62547.26878300001,2509.9060993000003
2017-07-26,2569.01,2569.01,2561.46,2564.82,7.3493418,18843.929691999998,2564.0295695
2017-07-27,2656.88,2656.98,2656.88,2656.98,2.07453536,5511.838970000001,2656.9028786999997
2017-07-28,2695.32,2698.46,2695.32,2698.46,5.86787953,15824.406393000001,2696.7844707
2017-07-29,2707.02,2707.99,2707.02,2707.98,2.77747145,7521.3275822,2707.9765598
2017-07-30,2714.14,2714.15,2712.22,2714.04,1.02724533,2787.5188993,2713.5863438
2017-07-31,2885.0,2885.0,2885.0,2885.0,2.44966703,7067.2893816,2885.0
2017-08-01,2741.48,2741.96,2741.48,2741.96,2.41984223,6634.8631313000005,2741.8577332
2017-08-02,2714.88,2714.89,2714.88,2714.88,1.303901,3539.9461479,2714.8887438
2017-08-03,2771.0,2773.19,2769.89,2771.86,2.97066292,8233.379286200001,2771.5629501
2017-08-04,3116.02,3117.77,3116.01,3117.77,20.65282266,64355.688971,3116.0723175999997
2017-08-05,3194.74,3194.74,3194.73,3194.73,4.62479056,14774.989311000001,3194.736955
2017-08-06,3218.32,3218.32,3218.31,3218.32,2.5723,8278.484336,3218.3199222
2017-08-07,3469.63,3469.7,3461.0,3464.66,38.50815505,133507.32817999998,3466.9884340999997
2017-08-08,3357.0,3357.01,3357.0,3357.01,8.51653713,28590.026600999998,3357.0013451
2017-08-09,3340.51,3340.51,3340.5,3340.5,0.225,751.6135009999999,3340.5044489
2017-08-10,3455.99,3455.99,3455.97,3455.99,4.79575177,16574.049386000002,3455.9856684
2017-08-11,3723.99,3735.0,3723.99,3735.0,36.05940369,134344.80771,3725.6525056
2017-08-12,4061.45,4061.46,4060.0,4060.24,4.23342668,17190.046491,4060.5513666
2017-08-13,4041.54,4041.54,4041.54,4041.54,1.97193333,7969.647430500001,4041.54
2017-08-14,4369.89,4369.89,4369.76,4369.76,4.77131981,20849.881492,4369.835249399999
2017-08-15,4049.44,4050.95,4049.43,4049.46,3.36292971,13621.090272,4050.3642499
2017-08-16,4303.06,4303.06,4303.05,4303.06,3.09498052,13317.858605,4303.0508655
2017-08-17,4278.91,4279.0,4276.91,4278.83,4.72698733,20226.546917,4278.950948
2017-08-18,4112.47,4112.47,4112.47,4112.47,2.40581382,9893.837160299998,4112.47
2017-08-19,4098.99,4098.99,4098.99,4098.99,9.72e-06,0.0398421828,4098.99
2017-08-20,4072.37,4076.68,4071.96,4074.42,3.2917243999999997,13407.275201999999,4073.0248261999996
2017-08-21,3662.74,3662.75,3662.73,3662.74,31.2867788,114595.29382,3662.7386459
2017-08-22,4106.24,4106.49,4104.46,4104.46,2.81099876,11542.125740000001,4106.0586379
2017-08-23,4143.28,4143.28,4143.27,4143.27,2.12097501,8787.7866916,4143.2768657
2017-08-24,4330.01,4330.01,4325.0,4325.01,10.8599751,47013.641735000005,4329.0745422
2017-08-25,4311.07,4311.2,4311.06,4311.19,1.29427194,5579.7762274,4311.1312661
2017-08-26,4327.73,4327.73,4325.99,4326.0,2.75272702,11911.480096,4327.1563105
2017-08-27,4258.02,4261.34,4258.01,4261.26,1.59427525,6791.7746089,4260.1016411
2017-08-28,4388.71,4391.02,4388.71,4389.47,8.24663932,36201.245672000005,4389.817993399999
2017-08-29,4618.74,4618.75,4618.73,4618.74,5.47308191,25278.733238,4618.7383367
2017-08-30,4634.3,4634.3,4633.49,4633.78,1.42352801,6596.7178419,4634.0625513
2017-08-31,4715.8,4715.8,4715.79,4715.8,6.39887332,30175.790408999997,4715.7974380000005
2017-09-01,4850.01,4850.01,4850.0,4850.01,1.18959901,5769.5616288,4850.0054054
2017-09-02,4714.94,4718.97,4714.94,4718.94,3.42609509,16165.938166,4718.473288499999
2017-09-03,4586.99,4586.99,4578.28,4578.28,3.82079864,17525.929340000002,4586.9806268
2017-09-04,4346.99,4346.99,4330.77,4345.0,6.00268758,26067.539291,4342.644681000001
2017-09-05,4433.36,4453.01,4433.35,4449.59,23.89926763,106195.68482000001,4443.4702548000005
2017-09-06,4552.67,4552.99,4550.0,4552.95,1.77847603,8093.671855399999,4550.9029747
2017-09-07,4584.97,4584.97,4584.97,4584.97,1.16258325,5330.4093238000005,4584.97
2017-09-08,4372.98,4372.98,4372.98,4372.98,2.35924178,10316.917119,4372.98
2017-09-09,4265.0,4265.01,4255.0,4256.28,13.47914546,57442.369255,4261.5735119
2017-09-10,4198.16,4200.0,4198.16,4199.99,6.60419407,27736.721501999997,4199.864693199999
2017-09-11,4286.05,4286.05,4286.04,4286.05,1.34546092,5766.7103902,4286.0482267
2017-09-12,4003.93,4015.29,4003.93,4010.15,10.94183643,43899.527403,4012.0803929
2017-09-13,3808.97,3808.97,3808.96,3808.96,1.83408212,6985.949201,3808.9620551
2017-09-14,3316.62,3317.3,3316.58,3317.3,1.59582535,5293.1077804999995,3316.8465337
2017-09-15,3843.26,3843.26,3843.01,3843.01,31.82905265,122326.87962,3843.2460106
2017-09-16,3614.8,3614.8,3611.67,3614.44,2.47047683,8930.008223899998,3614.6901341
2017-09-17,3787.4,3790.01,3787.4,3790.01,17.60708296,66709.081362,3788.7639600999996
2017-09-18,3919.1,3919.1,3905.37,3908.02,3.90732318,15297.025394999999,3914.9629274999998
2017-09-19,3860.48,3860.48,3860.47,3860.48,3.2922373999999994,12709.611991,3860.4785884999997
2017-09-20,3862.58,3862.58,3862.58,3862.58,3.40831407,13164.885761,3862.58
2017-09-21,3735.8,3735.81,3735.23,3735.24,5.19452736,19403.235553,3735.3226209
2017-09-22,3696.15,3714.81,3696.15,3708.79,44.19855661,163757.85264,3705.0497843000003
2017-09-23,3688.7,3688.71,3688.7,3688.7,3.10704977,11460.998056999999,3688.7075861000003
2017-09-24,3789.0,3789.99,3789.0,3789.99,17.98455836,68161.23091900001,3789.9863624
2017-09-25,3913.01,3913.01,3913.0,3913.0,0.90228545,3530.6518537,3913.0098504000002
2017-09-26,3938.56,3938.56,3938.55,3938.55,5.34532507,21052.875051,3938.5584178999998
2017-09-27,4251.5,4251.5,4251.5,4251.5,1.91830503,8155.673835,4251.5
2017-09-28,4077.87,4077.87,4073.2,4073.2,4.22748416,17230.200453,4075.757543
2017-09-29,4195.02,4195.02,4195.02,4195.02,0.89930081,3772.5848840000003,4195.02
2017-09-30,4300.97,4300.97,4300.96,4300.97,2.78072777,11959.816717,4300.9664038
2017-10-01,4419.99,4419.99,4419.99,4419.99,2.00033829,8841.4752384,4419.99
2017-10-02,4412.44,4412.44,4412.43,4412.43,0.31554192,1392.3089965,4412.437486899999
2017-10-03,4308.33,4308.33,4308.32,4308.33,1.54782328,6668.5326329,4308.329457899999
2017-10-04,4164.99,4165.0,4164.99,4165.0,0.80505041,3353.0269074000003,4164.9900004
2017-10-05,4324.99,4324.99,4324.99,4324.99,1.63843289,7086.205864899999,4324.99
2017-10-06,4368.3,4368.3,4368.29,4368.3,0.42653258,1863.2203462000002,4368.2954916
2017-10-07,4424.78,4424.78,4424.77,4424.78,1.29622702,5735.5076456,4424.7709368
2017-10-08,4580.2,4580.2,4580.19,4580.2,1.16052629,5315.4315772,4580.1905765
2017-10-09,4795.61,4799.35,4795.61,4798.48,6.56093138,31479.296419,4797.9920221
2017-10-10,4745.0,4745.0,4744.99,4745.0,2.03367884,9649.8021923,4744.9980806
2017-10-11,4839.74,4839.74,4838.0,4838.01,3.43841578,16639.052446,4839.162425500001
2017-10-12,5735.41,5736.0,5714.12,5731.5,20.64863845,118187.17754,5723.727394
2017-10-13,5640.01,5640.01,5639.51,5639.52,1.7051039000000001,9616.7859655,5639.9999821
2017-10-14,5737.75,5748.6,5737.75,5748.6,17.55473017,100863.45099,5745.6565846
2017-10-15,5608.0,5608.01,5608.0,5608.01,9.36516144,52519.839912999996,5608.0015544
2017-10-16,5671.01,5671.01,5671.01,5671.01,0.44401756,2518.0280229,5671.01
2017-10-17,5530.01,5530.01,5530.01,5530.01,0.1779186,983.89163719,5530.01
2017-10-18,5639.26,5639.26,5636.01,5636.01,3.47051661,19569.242586,5638.711692100001
2017-10-19,5694.2,5694.2,5694.19,5694.2,0.457325,2604.098211,5694.1960553
2017-10-20,6042.55,6042.55,6041.95,6041.95,7.41984036,44834.478361,6042.512532
2017-10-21,5834.59,5834.59,5805.0,5805.01,31.41157542,183026.45094,5826.719879300001
2017-10-22,6010.0,6010.0,6009.99,6010.0,1.41510184,8504.7610584,6009.999293299999
2017-10-23,5632.83,5632.83,5632.82,5632.83,7.63333821,42997.291763,5632.8293835
2017-10-24,5544.0,5544.0,5544.0,5544.0,3.58e-06,0.01984752,5544.0
2017-10-25,5759.99,5759.99,5759.98,5759.99,2.80489648,16156.175328,5759.9898759
2017-10-26,5895.0,5895.01,5895.0,5895.01,0.68142129,4016.9845188,5895.008826100001
2017-10-27,5791.51,5791.51,5790.8,5790.8,1.44422458,8364.1074931,5791.4174907
2017-10-28,5794.18,5794.18,5794.01,5794.01,0.57622064,3338.7248075999996,5794.1777434
2017-10-29,6140.5,6140.5,6140.5,6140.5,0.01626416,99.87007448,6140.5
2017-10-30,6148.58,6148.59,6148.58,6148.59,3.18406711,19577.521458000003,6148.5894554
2017-10-31,6371.04,6371.04,6371.03,6371.04,7.83297771,49904.136080000004,6371.0300128
2017-11-01,6950.0,6951.0,6949.99,6951.0,59.90158764,416331.11674,6950.2517903
2017-11-02,7209.24,7209.3,7209.24,7209.29,11.90036339,85792.589177,7209.241126999999
2017-11-03,7265.0,7265.0,7264.99,7265.0,2.90648766,21115.620816,7264.9958596
2017-11-04,7448.78,7448.78,7448.77,7448.78,3.42641859,25522.619324,7448.774472
2017-11-05,7338.01,7338.01,7315.0,7319.1,25.062337600000003,183738.64582,7331.2652933
2017-11-06,7146.96,7146.96,7140.0,7140.0,19.18340682,137091.36219,7146.351191600001
2017-11-07,7396.49,7396.49,7396.49,7396.49,1.51653682,11217.049423999999,7396.49
2017-11-08,7384.01,7395.0,7384.0,7395.0,4.3340864,32015.519289999997,7386.913027500001
2017-11-09,7227.92,7227.92,7227.92,7227.92,1.72593728,12474.936585,7227.92
2017-11-10,6724.18,6724.18,6724.17,6724.18,0.09653584,649.12340961,6724.1701072999995
2017-11-11,5851.57,5863.04,5845.0,5850.98,60.90804713,356333.48039,5850.3514262
2017-11-12,6265.64,6265.64,6250.12,6255.0,12.12901474,75880.269666,6256.0950986
2017-11-13,6560.0,6560.0,6559.99,6560.0,3.98673158,26152.955375,6559.999049399999
2017-11-14,6855.01,6855.01,6854.0,6854.01,2.06248949,14137.325331999999,6854.4956958
2017-11-15,7220.08,7220.08,7220.07,7220.08,2.09807977,15148.303259,7220.079748800001
2017-11-16,7909.47,7919.99,7909.47,7919.99,9.31792747,73765.526818,7916.516527500001
2017-11-17,7735.01,7735.02,7735.01,7735.02,4.78550373,37015.963587,7735.0192738000005
2017-11-18,7782.99,7783.0,7782.98,7783.0,16.49350395,128368.74535999999,7782.9881236
2017-11-19,8022.0,8022.0,8021.9,8021.9,10.695578999999999,85799.365425,8021.9467712
2017-11-20,8074.35,8075.0,8074.34,8075.0,23.99159996,193722.35644,8074.590972
2017-11-21,8170.05,8170.05,8170.04,8170.04,5.03047786,41099.210834,8170.041093000001
2017-11-22,8251.32,8251.32,8251.31,8251.32,0.30582128,2523.4287441,8251.3183651
2017-11-23,8133.48,8133.48,8133.48,8133.48,1.99317827,16211.475594999998,8133.48
2017-11-24,8262.92,8262.92,8253.54,8253.55,1.55262615,12817.587714,8255.4243426
2017-11-25,9030.0,9040.0,9030.0,9040.0,5.72483747,51745.34957200001,9038.7456139
2017-11-26,9710.0,9710.0,9709.99,9710.0,1.13402351,11011.358999,9709.9918141
2017-11-27,9898.99,9899.0,9892.7,9892.7,71.15690908,704324.79992,9898.1927268
2017-11-28,10075.0,10191.81,10040.0,10110.5,221.86871008,2242758.922,10108.495791
2017-11-29,10474.22,10486.0,10474.21,10486.0,13.58063654,142317.45462,10479.439178
2017-11-30,9572.0,9575.0,9571.99,9575.0,19.91555976,190650.82432,9572.9583611
2017-12-01,10910.0,10910.0,10909.99,10910.0,4.54836149,49622.619627,10909.99907
2017-12-02,11063.88,11063.88,11063.87,11063.88,1.80534698,19974.14178,11063.879687
2017-12-03,11461.43,11461.44,11442.39,11445.01,9.11409288,104445.52539,11459.782862
2017-12-04,11603.42,11603.42,11603.41,11603.42,2.95948087,34340.087109,11603.415807
2017-12-05,12299.0,12300.0,12298.99,12299.99,25.68491481,315906.97093,12299.319397
2017-12-06,14397.0,14397.0,14396.99,14397.0,7.58937179,109264.18562999999,14396.999996
2017-12-07,16320.79,16324.75,16211.0,16222.0,82.91615789,1349153.168,16271.293826
2017-12-08,15640.01,15678.04,15639.2,15661.43,29.23868615,458006.51393,15664.401319999999
2017-12-09,13854.67,13900.0,13854.67,13900.0,18.65719487,259108.94973000002,13887.88355
2017-12-10,16589.45,16589.45,16573.34,16574.0,25.58443477,424219.435,16581.153299
2017-12-11,16699.02,16766.0,16699.02,16765.99,109.47893913,1830903.782,16723.799084000002
2017-12-12,17248.46,17248.47,17240.0,17240.0,9.74886307,168150.13198,17248.178661
2017-12-13,16697.94,16700.0,16697.94,16700.0,5.73070655,95701.539883,16699.780219
2017-12-14,17437.95,17437.96,17437.95,17437.96,7.58878534,132332.89054000002,17437.954115
2017-12-15,17810.0,17825.0,17809.99,17824.99,14.37563787,256171.79867,17819.856133
2017-12-16,19549.0,19549.01,19500.64,19535.95,8.70639871,170094.38340999998,19536.709618
2017-12-17,19140.0,19150.01,19140.0,19141.57,7.53477152,144236.57545,19142.793523
2017-12-18,18914.35,18914.37,18904.85,18914.37,11.00167932,208060.3794,18911.692783000002
2017-12-19,16700.0,16707.21,16660.0,16661.34,24.19597245,403760.42147,16687.092131
2017-12-20,16890.0,16890.01,16846.0,16870.01,10.13409181,171015.25321,16875.242145
2017-12-21,14307.86,14307.86,14290.0,14307.86,26.88762563,384643.18796,14305.584035
2017-12-22,14145.32,14344.6,14145.32,14318.74,37.92271603,539694.25592,14231.424128
2017-12-23,14522.72,14525.0,14522.71,14525.0,4.61063202,66959.061097,14522.751069
2017-12-24,14105.25,14119.26,14105.25,14119.22,1.31880573,18615.196961,14115.192659999999
2017-12-25,15395.97,15395.97,15315.82,15366.36,26.01738742,399351.15509,15349.39495
2017-12-26,16410.0,16440.0,16410.0,16439.99,21.12158546,346980.71932,16427.778112
2017-12-27,13919.56,13940.1,13880.0,13880.0,30.19765808,419438.80447,13889.779246
2017-12-28,14918.82,14920.0,14918.82,14920.0,1.99344071,29740.124048,14918.991018
2017-12-29,13994.04,14050.0,13994.03,14007.99,25.89831949,362809.31125,14008.990483000001
2017-12-30,12917.61,12917.62,12916.26,12917.62,16.45130993,212502.01381,12917.026955
2017-12-31,13508.01,13508.01,13508.0,13508.01,4.13245869,55821.290989999994,13508.009439
2018-01-01,13215.0,13215.01,13194.0,13194.02,6.31148201,83349.35644199999,13205.98812
2018-01-02,15098.86,15098.88,15098.86,15098.88,5.52675389,83447.72265499999,15098.867132
2018-01-03,14979.99,14980.0,14971.0,14971.23,5.97577378,89509.344363,14978.703621999999
2018-01-04,15038.0,15038.0,15037.99,15038.0,2.95002409,44362.448807,15037.995438
2018-01-05,16594.85,16594.85,16576.21,16594.08,4.30586994,71422.05506299999,16587.137108000003
2018-01-06,16610.02,16610.02,16610.0,16610.02,3.76108353,62471.64855499999,16610.013592
2018-01-07,15879.99,15882.13,15862.11,15862.9,2.84715737,45196.018565,15874.085163999998
2018-01-08,15100.03,15100.03,15085.48,15085.49,3.54565834,53529.704621,15097.254018000001
2018-01-09,14220.19,14229.95,14195.05,14227.0,6.67510775,94853.685613,14210.060596000001
2018-01-10,13149.99,13193.72,13145.0,13193.72,23.92520342,314597.46405,13149.207492
2018-01-11,13618.0,13630.01,13617.99,13618.0,3.35123248,45638.093322,13618.301205000002
2018-01-12,14196.18,14249.0,14196.18,14210.65,14.81884448,210900.86779000002,14231.937455000001
2018-01-13,13799.0,13800.0,13799.0,13800.0,7.65051265,105576.47259,13799.921315000001
2018-01-14,13575.49,13600.0,13575.48,13600.0,1.74374056,23691.194937,13586.421903
2018-01-15,13149.0,13149.9,13148.99,13149.9,4.24171373,55774.304759000006,13149.002575
2018-01-16,11140.0,11165.0,11139.01,11148.07,9.23490547,102982.86706,11151.480368999999
2018-01-17,11025.0,11046.0,11024.99,11045.99,8.03202863,88642.758987,11036.160735
2018-01-18,11389.01,11400.0,11389.01,11399.99,4.65349998,53032.6348,11396.289895
2018-01-19,12616.65,12616.65,12580.0,12580.0,35.16580743,443194.91278,12603.006873999999
2018-01-20,12100.06,12107.99,12100.05,12107.99,8.65513078,104729.33073,12100.259764
2018-01-21,11455.0,11455.0,11453.78,11455.0,1.94588985,22290.154971,11454.993185
2018-01-22,10418.55,10423.5,10413.13,10413.13,2.61845989,27290.231895999998,10422.245535
2018-01-23,10640.03,10641.0,10630.0,10630.0,3.83097064,40754.676471,10638.211643999999
2018-01-24,11487.03,11487.29,11487.03,11487.28,2.22082426,25511.199509000002,11487.266223
2018-01-25,11287.94,11288.0,11287.8,11287.8,6.29385018,71044.576014,11287.93568
2018-01-26,11198.4,11198.4,11198.39,11198.39,12.6923758,142134.26765999998,11198.397361
2018-01-27,11531.02,11531.02,11531.01,11531.01,1.67825015,19351.927422,11531.014862
2018-01-28,11240.01,11240.01,11240.0,11240.01,2.15756586,24251.060806999998,11240.00952
2018-01-29,10940.0,10940.01,10940.0,10940.01,0.83152682,9096.9076726,10940.005125
2018-01-30,9867.55,9870.49,9850.01,9870.49,7.21777661,71211.704824,9866.155281899999
2018-01-31,10046.78,10049.98,10046.78,10049.98,4.03095229,40504.947232,10048.480934000001
2018-02-01,8527.52,8527.95,8526.0,8527.02,14.37690063,122590.81352000001,8526.9291812
2018-02-02,8425.0,8425.0,8420.21,8420.22,4.03698156,33995.431816000004,8421.0025016
2018-02-03,9209.99,9279.99,9209.99,9277.75,69.39460421,641755.61428,9247.9180706
2018-02-04,8184.98,8197.87,8184.98,8197.45,6.68651861,54742.989765,8187.069079999999
2018-02-05,6444.01,6444.01,6380.0,6389.09,83.60707655,535175.15987,6401.0749085
2018-02-06,7445.02,7455.01,7445.02,7455.0,8.13005426,60561.007811,7449.028736300001
2018-02-07,8008.64,8008.64,7971.23,7971.23,28.7577398,229791.26961999998,7990.5886632
2018-02-08,7888.95,7888.95,7875.0,7875.01,3.36149862,26482.683663,7878.237255500001
2018-02-09,8851.01,8860.07,8851.01,8860.07,4.57188644,40482.277970999996,8854.611439299999
2018-02-10,8136.99,8136.99,8102.39,8112.16,10.65912428,86512.638712,8116.298904
2018-02-11,8369.99,8370.0,8362.7,8362.7,4.50329545,37677.259054,8366.5971892
2018-02-12,8621.08,8621.08,8616.98,8616.98,5.23545427,45128.731557,8619.831103299999
2018-02-13,8823.52,8823.53,8823.52,8823.53,3.22989149,28499.036308,8823.5274764
2018-02-14,9700.0,9700.0,9700.0,9700.0,1.94551727,18871.517519,9700.0
2018-02-15,10099.91,10099.91,10099.9,10099.9,4.12193838,41631.178004,10099.903047
2018-02-16,10559.01,10559.01,10555.39,10555.42,4.10610173,43352.92431,10558.171025
2018-02-17,10519.0,10519.0,10480.15,10483.99,190.63709708,2001313.3431,10498.026742
2018-02-18,10464.0,10471.0,10463.99,10471.0,4.9321722999999995,51633.765439999996,10468.767573000001
2018-02-19,11437.04,11437.05,11437.03,11437.04,2.19539409,25108.818435,11437.043832
2018-02-20,10839.63,10839.64,10824.54,10824.54,6.19952452,67156.31811000001,10832.494959
2018-02-21,10799.98,10799.99,10793.0,10793.0,7.47674317,80743.66686900001,10799.309945
2018-02-22,9863.14,9863.14,9828.27,9828.27,29.37289645,289458.92374,9854.626500100001
2018-02-23,10442.45,10445.44,10442.44,10445.44,10.0860474,105330.66196,10443.205131
2018-02-24,9721.08,9722.0,9721.08,9722.0,0.70185282,6823.177340100001,9721.664066500001
2018-02-25,9641.31,9641.31,9616.99,9624.71,11.17178489,107541.62103,9626.1807838
2018-02-26,10305.56,10305.57,10305.56,10305.56,2.16032597,22263.381401,10305.565784999999
2018-02-27,10939.99,10940.0,10939.99,10940.0,3.84172014,42028.398725,10939.994897
2018-02-28,10407.48,10407.49,10390.01,10390.01,3.89898498,40561.991598,10403.218224
2018-03-01,10980.0,10983.51,10979.99,10983.51,0.91311078,10026.15763,10980.220417
2018-03-02,11305.5,11305.5,11305.04,11305.04,3.63822599,41131.608025,11305.402176000001
2018-03-03,11200.0,11200.0,11199.99,11199.99,0.2435693,2727.975179,11199.995972
2018-03-04,11511.27,11511.27,11506.0,11506.0,4.69664099,54047.57223099999,11507.707816
2018-03-05,11298.06,11298.06,11298.05,11298.05,0.56535707,6387.4333453,11298.051593
2018-03-06,10666.59,10666.59,10653.26,10664.99,3.830725,40841.606682,10661.586692
2018-03-07,9831.07,9831.07,9807.0,9807.0,6.38828077,62785.583332,9828.2441854
2018-03-08,8499.97,8500.0,8489.25,8499.9,10.49716884,89208.350886,8498.3248575
2018-03-09,9352.4,9352.4,9352.39,9352.4,1.44430107,13507.678587,9352.3981029
2018-03-10,8839.96,8839.96,8839.95,8839.96,5.85248671,51735.746284,8839.959635500001
2018-03-11,9554.55,9554.55,9550.0,9550.01,1.35164299,12909.611203,9551.0510531
2018-03-12,9381.33,9381.34,9372.16,9381.33,18.50265933,173556.4647,9380.0821605
2018-03-13,9092.98,9092.98,9092.0,9092.01,5.38431982,48957.396919,9092.5870965
2018-03-14,7920.82,7920.83,7917.0,7917.0,8.28215895,65593.74206799999,7919.884472600001
2018-03-15,8190.86,8195.0,8190.86,8195.0,5.11882923,41940.695579,8193.415661
2018-03-16,8210.06,8210.06,8210.05,8210.06,1.59053377,13058.364126999999,8210.0514769
2018-03-17,7551.01,7588.0,7551.0,7588.0,60.19902288,455791.00143,7571.4019868000005
2018-03-18,8181.0,8184.99,8181.0,8184.99,1.34710155,11024.63207,8183.9650987
2018-03-19,8444.96,8458.0,8444.96,8457.99,7.00192719,59175.85945900001,8451.3674383
2018-03-20,9085.0,9085.01,9060.1,9060.9,25.70225761,233222.67776999998,9074.0152601
2018-03-21,9019.54,9019.54,9019.53,9019.54,1.12221248,10121.835004999999,9019.5352352
2018-03-22,8412.05,8412.06,8412.05,8412.06,0.2098,1764.8500067000002,8412.0591358
2018-03-23,8935.01,8940.38,8935.0,8940.38,10.50500622,93869.108467,8935.654725100001
2018-03-24,8518.62,8524.05,8517.0,8524.05,4.96678123,42302.627391,8517.111069
2018-03-25,8448.08,8448.08,8438.91,8438.92,0.66042207,5578.215708600001,8446.440484
2018-03-26,8144.99,8145.01,8140.0,8140.0,37.84267371,308202.44262,8144.309384100001
